[01-Jun-2025 15:56:16 Asia/Manila] Redis extension is not loaded
[01-Jun-2025 15:57:53 Asia/Manila] Redis extension is not loaded
[01-Jun-2025 15:57:55 Asia/Manila] Redis extension is not loaded
[01-Jun-2025 15:57:55 Asia/Manila] Rate limiting disabled - Redis not available
[01-Jun-2025 15:57:56 Asia/Manila] Redis extension is not loaded
[01-Jun-2025 15:57:56 Asia/Manila] Rate limiting disabled - Redis not available
[01-Jun-2025 15:57:56 Asia/Manila] Error fetching canceled appointments: SQLSTATE[42000]: Syntax error or access violation: 1176 Key 'idx_patient_status_time' doesn't exist in table 'a'
[01-Jun-2025 15:57:58 Asia/Manila] Redis extension is not loaded
[01-Jun-2025 15:57:58 Asia/Manila] Rate limiting disabled - Redis not available
[01-Jun-2025 15:58:03 Asia/Manila] Redis extension is not loaded
[01-Jun-2025 15:58:03 Asia/Manila] Rate limiting disabled - Redis not available
[01-Jun-2025 15:58:03 Asia/Manila] Error fetching canceled appointments: SQLSTATE[42000]: Syntax error or access violation: 1176 Key 'idx_patient_status_time' doesn't exist in table 'a'
[01-Jun-2025 15:58:04 Asia/Manila] Redis extension is not loaded
[01-Jun-2025 15:58:04 Asia/Manila] Rate limiting disabled - Redis not available
[01-Jun-2025 15:58:09 Asia/Manila] Redis extension is not loaded
[01-Jun-2025 15:58:09 Asia/Manila] Rate limiting disabled - Redis not available
[01-Jun-2025 15:58:09 Asia/Manila] Error fetching canceled appointments: SQLSTATE[42000]: Syntax error or access violation: 1176 Key 'idx_patient_status_time' doesn't exist in table 'a'
[01-Jun-2025 15:58:12 Asia/Manila] Redis extension is not loaded
[01-Jun-2025 15:58:12 Asia/Manila] Rate limiting disabled - Redis not available
[01-Jun-2025 15:58:19 Asia/Manila] Redis extension is not loaded
[01-Jun-2025 15:58:32 Asia/Manila] Redis extension is not loaded
[01-Jun-2025 15:58:32 Asia/Manila] Rate limiting disabled - Redis not available
[01-Jun-2025 15:58:34 Asia/Manila] Redis extension is not loaded
[01-Jun-2025 15:59:25 Asia/Manila] Redis extension is not loaded
[01-Jun-2025 15:59:25 Asia/Manila] Rate limiting disabled - Redis not available
[01-Jun-2025 15:59:30 Asia/Manila] Redis extension is not loaded
[01-Jun-2025 15:59:30 Asia/Manila] Rate limiting disabled - Redis not available
[01-Jun-2025 15:59:33 Asia/Manila] Redis extension is not loaded
[01-Jun-2025 15:59:33 Asia/Manila] Rate limiting disabled - Redis not available
[01-Jun-2025 17:12:36 Asia/Manila] Redis extension is not loaded
[01-Jun-2025 17:12:36 Asia/Manila] Rate limiting disabled - Redis not available
[01-Jun-2025 17:12:36 Asia/Manila] Error fetching canceled appointments: SQLSTATE[42000]: Syntax error or access violation: 1176 Key 'idx_patient_status_time' doesn't exist in table 'a'
[01-Jun-2025 17:12:37 Asia/Manila] Redis extension is not loaded
[01-Jun-2025 17:12:37 Asia/Manila] Rate limiting disabled - Redis not available
[01-Jun-2025 17:13:35 Asia/Manila] Redis extension is not loaded
[01-Jun-2025 17:13:37 Asia/Manila] Redis extension is not loaded
[01-Jun-2025 17:13:37 Asia/Manila] Rate limiting disabled - Redis not available
[01-Jun-2025 17:14:33 Asia/Manila] Redis extension is not loaded
[01-Jun-2025 17:16:16 Asia/Manila] Redis extension is not loaded
[01-Jun-2025 17:16:16 Asia/Manila] Rate limiting disabled - Redis not available
[01-Jun-2025 17:16:19 Asia/Manila] Redis extension is not loaded
[01-Jun-2025 17:16:21 Asia/Manila] Redis extension is not loaded
[01-Jun-2025 17:16:21 Asia/Manila] Rate limiting disabled - Redis not available
[01-Jun-2025 17:17:12 Asia/Manila] Redis extension is not loaded
[01-Jun-2025 17:17:12 Asia/Manila] Rate limiting disabled - Redis not available
[01-Jun-2025 17:17:32 Asia/Manila] Redis extension is not loaded
[01-Jun-2025 17:17:32 Asia/Manila] Rate limiting disabled - Redis not available
[01-Jun-2025 17:17:33 Asia/Manila] Redis extension is not loaded
[01-Jun-2025 17:17:33 Asia/Manila] Rate limiting disabled - Redis not available
[01-Jun-2025 17:18:07 Asia/Manila] Redis extension is not loaded
[01-Jun-2025 17:18:08 Asia/Manila] Redis extension is not loaded
[01-Jun-2025 17:18:08 Asia/Manila] Rate limiting disabled - Redis not available
[01-Jun-2025 17:18:10 Asia/Manila] Redis extension is not loaded
[01-Jun-2025 17:18:10 Asia/Manila] Rate limiting disabled - Redis not available
[01-Jun-2025 17:18:10 Asia/Manila] Error fetching canceled appointments: SQLSTATE[42000]: Syntax error or access violation: 1176 Key 'idx_patient_status_time' doesn't exist in table 'a'
[01-Jun-2025 17:18:11 Asia/Manila] Redis extension is not loaded
[01-Jun-2025 17:18:11 Asia/Manila] Rate limiting disabled - Redis not available
[01-Jun-2025 17:18:12 Asia/Manila] Redis extension is not loaded
[01-Jun-2025 17:18:12 Asia/Manila] Redis extension is not loaded
[01-Jun-2025 17:18:12 Asia/Manila] Rate limiting disabled - Redis not available
[01-Jun-2025 17:19:34 Asia/Manila] Redis extension is not loaded
[01-Jun-2025 17:20:13 Asia/Manila] Redis extension is not loaded
[01-Jun-2025 17:20:13 Asia/Manila] Rate limiting disabled - Redis not available
[01-Jun-2025 17:20:27 Asia/Manila] Redis extension is not loaded
[01-Jun-2025 17:20:49 Asia/Manila] Redis extension is not loaded
[01-Jun-2025 17:20:49 Asia/Manila] Rate limiting disabled - Redis not available
[01-Jun-2025 17:20:53 Asia/Manila] Redis extension is not loaded
[01-Jun-2025 17:20:53 Asia/Manila] Redis extension is not loaded
[01-Jun-2025 17:20:53 Asia/Manila] Rate limiting disabled - Redis not available
[01-Jun-2025 17:22:15 Asia/Manila] 2
[01-Jun-2025 17:22:22 Asia/Manila] Redis extension is not loaded
[01-Jun-2025 17:22:22 Asia/Manila] Rate limiting disabled - Redis not available
[01-Jun-2025 17:22:23 Asia/Manila] 2
[01-Jun-2025 17:22:24 Asia/Manila] 2
[01-Jun-2025 17:22:36 Asia/Manila] Redis extension is not loaded
[01-Jun-2025 17:22:36 Asia/Manila] Rate limiting disabled - Redis not available
[01-Jun-2025 17:22:42 Asia/Manila] Redis extension is not loaded
[01-Jun-2025 17:22:42 Asia/Manila] Rate limiting disabled - Redis not available
[01-Jun-2025 17:22:43 Asia/Manila] 2
[01-Jun-2025 17:22:44 Asia/Manila] 2
[01-Jun-2025 17:22:47 Asia/Manila] Redis extension is not loaded
[01-Jun-2025 17:24:38 Asia/Manila] Redis extension is not loaded
[01-Jun-2025 17:24:38 Asia/Manila] Rate limiting disabled - Redis not available
[01-Jun-2025 17:24:40 Asia/Manila] Redis extension is not loaded
[01-Jun-2025 17:24:43 Asia/Manila] Redis extension is not loaded
[01-Jun-2025 17:24:43 Asia/Manila] Rate limiting disabled - Redis not available
[01-Jun-2025 17:24:44 Asia/Manila] Redis extension is not loaded
[01-Jun-2025 17:24:44 Asia/Manila] Rate limiting disabled - Redis not available
[01-Jun-2025 17:24:59 Asia/Manila] Redis extension is not loaded
[01-Jun-2025 17:25:00 Asia/Manila] Redis extension is not loaded
[01-Jun-2025 17:25:00 Asia/Manila] Rate limiting disabled - Redis not available
[02-Jun-2025 12:51:00 Asia/Manila] Redis extension is not loaded
[02-Jun-2025 12:51:56 Asia/Manila] 2
[02-Jun-2025 12:51:56 Asia/Manila] 2
[02-Jun-2025 12:51:57 Asia/Manila] 2
[02-Jun-2025 12:51:57 Asia/Manila] 2
[02-Jun-2025 12:51:57 Asia/Manila] 2
[02-Jun-2025 14:13:25 Asia/Manila] Redis extension is not loaded
[02-Jun-2025 19:57:53 Asia/Manila] Redis extension is not loaded
[02-Jun-2025 19:59:21 Asia/Manila] Redis extension is not loaded
[02-Jun-2025 20:03:39 Asia/Manila] Redis extension is not loaded
[02-Jun-2025 20:03:40 Asia/Manila] Redis extension is not loaded
[02-Jun-2025 20:03:41 Asia/Manila] Redis extension is not loaded
[02-Jun-2025 20:04:04 Asia/Manila] Redis extension is not loaded
[02-Jun-2025 20:04:04 Asia/Manila] Rate limiting disabled - Redis not available
[02-Jun-2025 20:04:09 Asia/Manila] Redis extension is not loaded
[02-Jun-2025 20:10:00 Asia/Manila] Patient data: Array
(
    [PatientName] => gabriel mantua
    [PatientEmail] => gabbb@gmail.com
)

[02-Jun-2025 20:10:00 Asia/Manila] Redis extension is not loaded
[02-Jun-2025 20:13:00 Asia/Manila] Patient data: Array
(
    [PatientName] => gabriel mantua
    [PatientEmail] => gabbb@gmail.com
)

[02-Jun-2025 20:13:00 Asia/Manila] Redis extension is not loaded
[02-Jun-2025 20:13:01 Asia/Manila] Patient data: Array
(
    [PatientName] => gabriel mantua
    [PatientEmail] => gabbb@gmail.com
)

[02-Jun-2025 20:13:01 Asia/Manila] Redis extension is not loaded
[02-Jun-2025 20:13:02 Asia/Manila] Patient data: Array
(
    [PatientName] => gabriel mantua
    [PatientEmail] => gabbb@gmail.com
)

[02-Jun-2025 20:13:02 Asia/Manila] Redis extension is not loaded
[02-Jun-2025 20:13:02 Asia/Manila] Patient data: Array
(
    [PatientName] => gabriel mantua
    [PatientEmail] => gabbb@gmail.com
)

[02-Jun-2025 20:13:02 Asia/Manila] Redis extension is not loaded
[02-Jun-2025 20:16:37 Asia/Manila] Redis extension is not loaded
[02-Jun-2025 20:16:45 Asia/Manila] Redis extension is not loaded
[02-Jun-2025 20:16:45 Asia/Manila] Rate limiting disabled - Redis not available
[02-Jun-2025 20:16:48 Asia/Manila] Redis extension is not loaded
[02-Jun-2025 20:16:48 Asia/Manila] Rate limiting disabled - Redis not available
[02-Jun-2025 20:17:10 Asia/Manila] Redis extension is not loaded
[02-Jun-2025 20:17:11 Asia/Manila] Redis extension is not loaded
[02-Jun-2025 20:17:11 Asia/Manila] Rate limiting disabled - Redis not available
[02-Jun-2025 20:17:12 Asia/Manila] Redis extension is not loaded
[02-Jun-2025 20:17:12 Asia/Manila] Rate limiting disabled - Redis not available
[02-Jun-2025 20:17:12 Asia/Manila] Error fetching canceled appointments: SQLSTATE[42000]: Syntax error or access violation: 1176 Key 'idx_patient_status_time' doesn't exist in table 'a'
[02-Jun-2025 20:17:17 Asia/Manila] Redis extension is not loaded
[02-Jun-2025 20:17:17 Asia/Manila] Rate limiting disabled - Redis not available
[02-Jun-2025 20:17:23 Asia/Manila] Redis extension is not loaded
[02-Jun-2025 20:17:23 Asia/Manila] Rate limiting disabled - Redis not available
[02-Jun-2025 20:17:25 Asia/Manila] Redis extension is not loaded
[02-Jun-2025 20:17:37 Asia/Manila] Redis extension is not loaded
[02-Jun-2025 20:17:37 Asia/Manila] Rate limiting disabled - Redis not available
[02-Jun-2025 20:17:44 Asia/Manila] Redis extension is not loaded
[02-Jun-2025 20:17:46 Asia/Manila] Redis extension is not loaded
[02-Jun-2025 20:17:46 Asia/Manila] Rate limiting disabled - Redis not available
[02-Jun-2025 20:17:47 Asia/Manila] Redis extension is not loaded
[02-Jun-2025 20:17:47 Asia/Manila] Redis extension is not loaded
[02-Jun-2025 20:17:47 Asia/Manila] Rate limiting disabled - Redis not available
[02-Jun-2025 20:17:48 Asia/Manila] Redis extension is not loaded
[02-Jun-2025 20:18:03 Asia/Manila] Redis extension is not loaded
[02-Jun-2025 20:24:03 Asia/Manila] Redis extension is not loaded
[02-Jun-2025 20:24:05 Asia/Manila] Redis extension is not loaded
[02-Jun-2025 20:24:06 Asia/Manila] Redis extension is not loaded
[02-Jun-2025 20:24:30 Asia/Manila] Redis extension is not loaded
[02-Jun-2025 20:24:30 Asia/Manila] Rate limiting disabled - Redis not available
[02-Jun-2025 20:24:32 Asia/Manila] Redis extension is not loaded
[02-Jun-2025 20:24:33 Asia/Manila] Redis extension is not loaded
[02-Jun-2025 20:24:33 Asia/Manila] Redis extension is not loaded
[02-Jun-2025 20:24:38 Asia/Manila] Redis extension is not loaded
[02-Jun-2025 20:24:38 Asia/Manila] Rate limiting disabled - Redis not available
[02-Jun-2025 20:24:40 Asia/Manila] Redis extension is not loaded
[02-Jun-2025 20:24:40 Asia/Manila] Redis extension is not loaded
[02-Jun-2025 20:24:40 Asia/Manila] Rate limiting disabled - Redis not available
[02-Jun-2025 20:24:58 Asia/Manila] Redis extension is not loaded
[02-Jun-2025 20:25:39 Asia/Manila] Redis extension is not loaded
[04-Jun-2025 17:50:18 Asia/Manila] Redis extension is not loaded
[04-Jun-2025 17:50:18 Asia/Manila] Rate limiting disabled - Redis not available
[04-Jun-2025 17:50:18 Asia/Manila] Error fetching canceled appointments: SQLSTATE[42000]: Syntax error or access violation: 1176 Key 'idx_patient_status_time' doesn't exist in table 'a'
[04-Jun-2025 17:50:45 Asia/Manila] Redis extension is not loaded
[04-Jun-2025 17:50:45 Asia/Manila] Rate limiting disabled - Redis not available
[04-Jun-2025 17:58:35 Asia/Manila] Redis extension is not loaded
[04-Jun-2025 17:58:35 Asia/Manila] Rate limiting disabled - Redis not available
[04-Jun-2025 17:58:35 Asia/Manila] Error fetching canceled appointments: SQLSTATE[42000]: Syntax error or access violation: 1176 Key 'idx_patient_status_time' doesn't exist in table 'a'
[04-Jun-2025 17:58:38 Asia/Manila] Redis extension is not loaded
[04-Jun-2025 17:58:38 Asia/Manila] Rate limiting disabled - Redis not available
[04-Jun-2025 17:58:58 Asia/Manila] Redis extension is not loaded
[04-Jun-2025 17:58:58 Asia/Manila] Rate limiting disabled - Redis not available
[04-Jun-2025 17:59:03 Asia/Manila] Redis extension is not loaded
[04-Jun-2025 17:59:03 Asia/Manila] Rate limiting disabled - Redis not available
[04-Jun-2025 18:00:07 Asia/Manila] Redis extension is not loaded
[04-Jun-2025 18:00:07 Asia/Manila] Rate limiting disabled - Redis not available
[04-Jun-2025 18:00:09 Asia/Manila] Redis extension is not loaded
[04-Jun-2025 18:00:09 Asia/Manila] Rate limiting disabled - Redis not available
[04-Jun-2025 18:01:14 Asia/Manila] Redis extension is not loaded
[04-Jun-2025 18:01:14 Asia/Manila] Rate limiting disabled - Redis not available
[04-Jun-2025 18:03:17 Asia/Manila] Redis extension is not loaded
[04-Jun-2025 18:03:17 Asia/Manila] Rate limiting disabled - Redis not available
[04-Jun-2025 18:09:51 Asia/Manila] Redis extension is not loaded
[04-Jun-2025 18:09:51 Asia/Manila] Rate limiting disabled - Redis not available
[04-Jun-2025 18:10:04 Asia/Manila] Redis extension is not loaded
[04-Jun-2025 18:10:04 Asia/Manila] Rate limiting disabled - Redis not available
[04-Jun-2025 18:10:04 Asia/Manila] Error fetching canceled appointments: SQLSTATE[42000]: Syntax error or access violation: 1176 Key 'idx_patient_status_time' doesn't exist in table 'a'
[04-Jun-2025 18:10:06 Asia/Manila] Redis extension is not loaded
[04-Jun-2025 18:10:06 Asia/Manila] Rate limiting disabled - Redis not available
[04-Jun-2025 18:10:07 Asia/Manila] Redis extension is not loaded
[04-Jun-2025 18:10:07 Asia/Manila] Rate limiting disabled - Redis not available
[04-Jun-2025 18:10:07 Asia/Manila] Error fetching canceled appointments: SQLSTATE[42000]: Syntax error or access violation: 1176 Key 'idx_patient_status_time' doesn't exist in table 'a'
[04-Jun-2025 18:10:08 Asia/Manila] Redis extension is not loaded
[04-Jun-2025 18:10:08 Asia/Manila] Rate limiting disabled - Redis not available
[04-Jun-2025 18:10:09 Asia/Manila] Redis extension is not loaded
[04-Jun-2025 18:10:09 Asia/Manila] Rate limiting disabled - Redis not available
[04-Jun-2025 18:10:09 Asia/Manila] Error fetching canceled appointments: SQLSTATE[42000]: Syntax error or access violation: 1176 Key 'idx_patient_status_time' doesn't exist in table 'a'
[04-Jun-2025 18:10:10 Asia/Manila] Redis extension is not loaded
[04-Jun-2025 18:10:10 Asia/Manila] Rate limiting disabled - Redis not available
[04-Jun-2025 18:10:20 Asia/Manila] Redis extension is not loaded
[04-Jun-2025 18:10:20 Asia/Manila] Rate limiting disabled - Redis not available
[04-Jun-2025 18:10:21 Asia/Manila] Redis extension is not loaded
[04-Jun-2025 18:10:21 Asia/Manila] Rate limiting disabled - Redis not available
[04-Jun-2025 18:10:24 Asia/Manila] Redis extension is not loaded
[04-Jun-2025 18:10:24 Asia/Manila] Rate limiting disabled - Redis not available
[04-Jun-2025 18:10:24 Asia/Manila] Error fetching canceled appointments: SQLSTATE[42000]: Syntax error or access violation: 1176 Key 'idx_patient_status_time' doesn't exist in table 'a'
[04-Jun-2025 18:13:13 Asia/Manila] Redis extension is not loaded
[04-Jun-2025 18:13:13 Asia/Manila] Rate limiting disabled - Redis not available
[04-Jun-2025 18:13:13 Asia/Manila] Error fetching canceled appointments: SQLSTATE[42000]: Syntax error or access violation: 1176 Key 'idx_patient_status_time' doesn't exist in table 'a'
[04-Jun-2025 18:13:14 Asia/Manila] Redis extension is not loaded
[04-Jun-2025 18:13:14 Asia/Manila] Rate limiting disabled - Redis not available
[04-Jun-2025 18:13:14 Asia/Manila] Error fetching canceled appointments: SQLSTATE[42000]: Syntax error or access violation: 1176 Key 'idx_patient_status_time' doesn't exist in table 'a'
[04-Jun-2025 18:13:15 Asia/Manila] Redis extension is not loaded
[04-Jun-2025 18:13:15 Asia/Manila] Rate limiting disabled - Redis not available
[04-Jun-2025 18:13:15 Asia/Manila] Error fetching canceled appointments: SQLSTATE[42000]: Syntax error or access violation: 1176 Key 'idx_patient_status_time' doesn't exist in table 'a'
[04-Jun-2025 18:13:15 Asia/Manila] Redis extension is not loaded
[04-Jun-2025 18:13:15 Asia/Manila] Rate limiting disabled - Redis not available
[04-Jun-2025 18:13:15 Asia/Manila] Error fetching canceled appointments: SQLSTATE[42000]: Syntax error or access violation: 1176 Key 'idx_patient_status_time' doesn't exist in table 'a'
[04-Jun-2025 18:13:15 Asia/Manila] Redis extension is not loaded
[04-Jun-2025 18:13:15 Asia/Manila] Rate limiting disabled - Redis not available
[04-Jun-2025 18:13:15 Asia/Manila] Error fetching canceled appointments: SQLSTATE[42000]: Syntax error or access violation: 1176 Key 'idx_patient_status_time' doesn't exist in table 'a'
[04-Jun-2025 18:13:16 Asia/Manila] Redis extension is not loaded
[04-Jun-2025 18:13:16 Asia/Manila] Rate limiting disabled - Redis not available
[04-Jun-2025 18:13:16 Asia/Manila] Error fetching canceled appointments: SQLSTATE[42000]: Syntax error or access violation: 1176 Key 'idx_patient_status_time' doesn't exist in table 'a'
[04-Jun-2025 18:13:16 Asia/Manila] Redis extension is not loaded
[04-Jun-2025 18:13:16 Asia/Manila] Rate limiting disabled - Redis not available
[04-Jun-2025 18:13:16 Asia/Manila] Error fetching canceled appointments: SQLSTATE[42000]: Syntax error or access violation: 1176 Key 'idx_patient_status_time' doesn't exist in table 'a'
[04-Jun-2025 18:13:16 Asia/Manila] Redis extension is not loaded
[04-Jun-2025 18:13:16 Asia/Manila] Rate limiting disabled - Redis not available
[04-Jun-2025 18:13:17 Asia/Manila] Redis extension is not loaded
[04-Jun-2025 18:13:17 Asia/Manila] Rate limiting disabled - Redis not available
[04-Jun-2025 18:13:17 Asia/Manila] Error fetching canceled appointments: SQLSTATE[42000]: Syntax error or access violation: 1176 Key 'idx_patient_status_time' doesn't exist in table 'a'
[04-Jun-2025 18:13:18 Asia/Manila] Redis extension is not loaded
[04-Jun-2025 18:13:18 Asia/Manila] Rate limiting disabled - Redis not available
[04-Jun-2025 18:13:18 Asia/Manila] Error fetching canceled appointments: SQLSTATE[42000]: Syntax error or access violation: 1176 Key 'idx_patient_status_time' doesn't exist in table 'a'
[04-Jun-2025 18:13:59 Asia/Manila] Redis extension is not loaded
[04-Jun-2025 18:13:59 Asia/Manila] Rate limiting disabled - Redis not available
[04-Jun-2025 18:13:59 Asia/Manila] Error fetching canceled appointments: SQLSTATE[42000]: Syntax error or access violation: 1176 Key 'idx_patient_status_time' doesn't exist in table 'a'
[04-Jun-2025 18:16:33 Asia/Manila] Redis extension is not loaded
[04-Jun-2025 18:16:33 Asia/Manila] Rate limiting disabled - Redis not available
[04-Jun-2025 18:16:33 Asia/Manila] Error fetching canceled appointments: SQLSTATE[42000]: Syntax error or access violation: 1176 Key 'idx_patient_status_time' doesn't exist in table 'a'
[04-Jun-2025 18:16:34 Asia/Manila] Redis extension is not loaded
[04-Jun-2025 18:16:34 Asia/Manila] Rate limiting disabled - Redis not available
[04-Jun-2025 18:16:34 Asia/Manila] Error fetching canceled appointments: SQLSTATE[42000]: Syntax error or access violation: 1176 Key 'idx_patient_status_time' doesn't exist in table 'a'
[04-Jun-2025 18:16:34 Asia/Manila] Redis extension is not loaded
[04-Jun-2025 18:16:34 Asia/Manila] Rate limiting disabled - Redis not available
[04-Jun-2025 18:16:34 Asia/Manila] Error fetching canceled appointments: SQLSTATE[42000]: Syntax error or access violation: 1176 Key 'idx_patient_status_time' doesn't exist in table 'a'
[04-Jun-2025 18:16:34 Asia/Manila] Redis extension is not loaded
[04-Jun-2025 18:16:34 Asia/Manila] Rate limiting disabled - Redis not available
[04-Jun-2025 18:16:34 Asia/Manila] Error fetching canceled appointments: SQLSTATE[42000]: Syntax error or access violation: 1176 Key 'idx_patient_status_time' doesn't exist in table 'a'
[04-Jun-2025 18:16:35 Asia/Manila] Redis extension is not loaded
[04-Jun-2025 18:16:35 Asia/Manila] Rate limiting disabled - Redis not available
[04-Jun-2025 18:16:35 Asia/Manila] Error fetching canceled appointments: SQLSTATE[42000]: Syntax error or access violation: 1176 Key 'idx_patient_status_time' doesn't exist in table 'a'
[04-Jun-2025 18:16:35 Asia/Manila] Redis extension is not loaded
[04-Jun-2025 18:16:35 Asia/Manila] Rate limiting disabled - Redis not available
[04-Jun-2025 18:16:35 Asia/Manila] Error fetching canceled appointments: SQLSTATE[42000]: Syntax error or access violation: 1176 Key 'idx_patient_status_time' doesn't exist in table 'a'
[04-Jun-2025 18:16:35 Asia/Manila] Redis extension is not loaded
[04-Jun-2025 18:16:35 Asia/Manila] Rate limiting disabled - Redis not available
[04-Jun-2025 18:16:35 Asia/Manila] Error fetching canceled appointments: SQLSTATE[42000]: Syntax error or access violation: 1176 Key 'idx_patient_status_time' doesn't exist in table 'a'
[04-Jun-2025 18:16:35 Asia/Manila] Redis extension is not loaded
[04-Jun-2025 18:16:35 Asia/Manila] Rate limiting disabled - Redis not available
[04-Jun-2025 18:16:35 Asia/Manila] Error fetching canceled appointments: SQLSTATE[42000]: Syntax error or access violation: 1176 Key 'idx_patient_status_time' doesn't exist in table 'a'
[04-Jun-2025 18:16:35 Asia/Manila] Redis extension is not loaded
[04-Jun-2025 18:16:35 Asia/Manila] Rate limiting disabled - Redis not available
[04-Jun-2025 18:16:35 Asia/Manila] Error fetching canceled appointments: SQLSTATE[42000]: Syntax error or access violation: 1176 Key 'idx_patient_status_time' doesn't exist in table 'a'
[04-Jun-2025 18:16:36 Asia/Manila] Redis extension is not loaded
[04-Jun-2025 18:16:36 Asia/Manila] Rate limiting disabled - Redis not available
[04-Jun-2025 18:16:36 Asia/Manila] Error fetching canceled appointments: SQLSTATE[42000]: Syntax error or access violation: 1176 Key 'idx_patient_status_time' doesn't exist in table 'a'
[04-Jun-2025 18:16:49 Asia/Manila] Redis extension is not loaded
[04-Jun-2025 18:16:49 Asia/Manila] Rate limiting disabled - Redis not available
[04-Jun-2025 18:16:49 Asia/Manila] Error fetching canceled appointments: SQLSTATE[42000]: Syntax error or access violation: 1176 Key 'idx_patient_status_time' doesn't exist in table 'a'
[04-Jun-2025 18:16:50 Asia/Manila] Redis extension is not loaded
[04-Jun-2025 18:16:50 Asia/Manila] Rate limiting disabled - Redis not available
[04-Jun-2025 18:16:50 Asia/Manila] Error fetching canceled appointments: SQLSTATE[42000]: Syntax error or access violation: 1176 Key 'idx_patient_status_time' doesn't exist in table 'a'
[04-Jun-2025 18:16:50 Asia/Manila] Redis extension is not loaded
[04-Jun-2025 18:16:50 Asia/Manila] Rate limiting disabled - Redis not available
[04-Jun-2025 18:16:50 Asia/Manila] Error fetching canceled appointments: SQLSTATE[42000]: Syntax error or access violation: 1176 Key 'idx_patient_status_time' doesn't exist in table 'a'
[04-Jun-2025 18:16:50 Asia/Manila] Redis extension is not loaded
[04-Jun-2025 18:16:50 Asia/Manila] Rate limiting disabled - Redis not available
[04-Jun-2025 18:16:50 Asia/Manila] Error fetching canceled appointments: SQLSTATE[42000]: Syntax error or access violation: 1176 Key 'idx_patient_status_time' doesn't exist in table 'a'
[04-Jun-2025 18:16:50 Asia/Manila] Redis extension is not loaded
[04-Jun-2025 18:16:50 Asia/Manila] Rate limiting disabled - Redis not available
[04-Jun-2025 18:16:50 Asia/Manila] Error fetching canceled appointments: SQLSTATE[42000]: Syntax error or access violation: 1176 Key 'idx_patient_status_time' doesn't exist in table 'a'
[04-Jun-2025 18:16:51 Asia/Manila] Redis extension is not loaded
[04-Jun-2025 18:16:51 Asia/Manila] Rate limiting disabled - Redis not available
[04-Jun-2025 18:16:51 Asia/Manila] Error fetching canceled appointments: SQLSTATE[42000]: Syntax error or access violation: 1176 Key 'idx_patient_status_time' doesn't exist in table 'a'
[04-Jun-2025 18:16:51 Asia/Manila] Redis extension is not loaded
[04-Jun-2025 18:16:51 Asia/Manila] Rate limiting disabled - Redis not available
[04-Jun-2025 18:16:51 Asia/Manila] Error fetching canceled appointments: SQLSTATE[42000]: Syntax error or access violation: 1176 Key 'idx_patient_status_time' doesn't exist in table 'a'
[04-Jun-2025 18:18:31 Asia/Manila] Redis extension is not loaded
[04-Jun-2025 18:18:31 Asia/Manila] Rate limiting disabled - Redis not available
[04-Jun-2025 18:18:31 Asia/Manila] Error fetching canceled appointments: SQLSTATE[42000]: Syntax error or access violation: 1176 Key 'idx_patient_status_time' doesn't exist in table 'a'
[04-Jun-2025 18:18:32 Asia/Manila] Redis extension is not loaded
[04-Jun-2025 18:18:32 Asia/Manila] Rate limiting disabled - Redis not available
[04-Jun-2025 18:18:32 Asia/Manila] Error fetching canceled appointments: SQLSTATE[42000]: Syntax error or access violation: 1176 Key 'idx_patient_status_time' doesn't exist in table 'a'
[04-Jun-2025 18:18:32 Asia/Manila] Redis extension is not loaded
[04-Jun-2025 18:18:32 Asia/Manila] Rate limiting disabled - Redis not available
[04-Jun-2025 18:18:32 Asia/Manila] Error fetching canceled appointments: SQLSTATE[42000]: Syntax error or access violation: 1176 Key 'idx_patient_status_time' doesn't exist in table 'a'
[04-Jun-2025 18:18:32 Asia/Manila] Redis extension is not loaded
[04-Jun-2025 18:18:32 Asia/Manila] Rate limiting disabled - Redis not available
[04-Jun-2025 18:18:32 Asia/Manila] Error fetching canceled appointments: SQLSTATE[42000]: Syntax error or access violation: 1176 Key 'idx_patient_status_time' doesn't exist in table 'a'
[04-Jun-2025 18:18:32 Asia/Manila] Redis extension is not loaded
[04-Jun-2025 18:18:32 Asia/Manila] Rate limiting disabled - Redis not available
[04-Jun-2025 18:18:32 Asia/Manila] Error fetching canceled appointments: SQLSTATE[42000]: Syntax error or access violation: 1176 Key 'idx_patient_status_time' doesn't exist in table 'a'
[04-Jun-2025 18:18:33 Asia/Manila] Redis extension is not loaded
[04-Jun-2025 18:18:33 Asia/Manila] Rate limiting disabled - Redis not available
[04-Jun-2025 18:18:33 Asia/Manila] Error fetching canceled appointments: SQLSTATE[42000]: Syntax error or access violation: 1176 Key 'idx_patient_status_time' doesn't exist in table 'a'
[04-Jun-2025 18:18:33 Asia/Manila] Redis extension is not loaded
[04-Jun-2025 18:18:33 Asia/Manila] Rate limiting disabled - Redis not available
[04-Jun-2025 18:18:33 Asia/Manila] Error fetching canceled appointments: SQLSTATE[42000]: Syntax error or access violation: 1176 Key 'idx_patient_status_time' doesn't exist in table 'a'
[04-Jun-2025 18:18:33 Asia/Manila] Redis extension is not loaded
[04-Jun-2025 18:18:33 Asia/Manila] Rate limiting disabled - Redis not available
[04-Jun-2025 18:18:33 Asia/Manila] Error fetching canceled appointments: SQLSTATE[42000]: Syntax error or access violation: 1176 Key 'idx_patient_status_time' doesn't exist in table 'a'
[04-Jun-2025 18:18:45 Asia/Manila] Redis extension is not loaded
[04-Jun-2025 18:18:45 Asia/Manila] Rate limiting disabled - Redis not available
[04-Jun-2025 18:18:47 Asia/Manila] Redis extension is not loaded
[04-Jun-2025 18:18:47 Asia/Manila] Rate limiting disabled - Redis not available
[04-Jun-2025 18:18:54 Asia/Manila] Redis extension is not loaded
[04-Jun-2025 18:18:54 Asia/Manila] Rate limiting disabled - Redis not available
[04-Jun-2025 18:18:54 Asia/Manila] Error fetching canceled appointments: SQLSTATE[42000]: Syntax error or access violation: 1176 Key 'idx_patient_status_time' doesn't exist in table 'a'
[04-Jun-2025 18:18:56 Asia/Manila] Redis extension is not loaded
[04-Jun-2025 18:18:56 Asia/Manila] Rate limiting disabled - Redis not available
[04-Jun-2025 18:18:57 Asia/Manila] Redis extension is not loaded
[04-Jun-2025 18:18:57 Asia/Manila] Rate limiting disabled - Redis not available
[04-Jun-2025 18:18:57 Asia/Manila] Error fetching canceled appointments: SQLSTATE[42000]: Syntax error or access violation: 1176 Key 'idx_patient_status_time' doesn't exist in table 'a'
[04-Jun-2025 18:19:00 Asia/Manila] Redis extension is not loaded
[04-Jun-2025 18:19:00 Asia/Manila] Rate limiting disabled - Redis not available
[04-Jun-2025 18:19:00 Asia/Manila] Error fetching canceled appointments: SQLSTATE[42000]: Syntax error or access violation: 1176 Key 'idx_patient_status_time' doesn't exist in table 'a'
[04-Jun-2025 18:19:00 Asia/Manila] Redis extension is not loaded
[04-Jun-2025 18:19:00 Asia/Manila] Rate limiting disabled - Redis not available
[04-Jun-2025 18:19:01 Asia/Manila] Error fetching canceled appointments: SQLSTATE[42000]: Syntax error or access violation: 1176 Key 'idx_patient_status_time' doesn't exist in table 'a'
[04-Jun-2025 18:19:01 Asia/Manila] Redis extension is not loaded
[04-Jun-2025 18:19:01 Asia/Manila] Rate limiting disabled - Redis not available
[04-Jun-2025 18:19:01 Asia/Manila] Error fetching canceled appointments: SQLSTATE[42000]: Syntax error or access violation: 1176 Key 'idx_patient_status_time' doesn't exist in table 'a'
[04-Jun-2025 18:19:01 Asia/Manila] Redis extension is not loaded
[04-Jun-2025 18:19:01 Asia/Manila] Rate limiting disabled - Redis not available
[04-Jun-2025 18:19:01 Asia/Manila] Error fetching canceled appointments: SQLSTATE[42000]: Syntax error or access violation: 1176 Key 'idx_patient_status_time' doesn't exist in table 'a'
[04-Jun-2025 18:19:01 Asia/Manila] Redis extension is not loaded
[04-Jun-2025 18:19:01 Asia/Manila] Rate limiting disabled - Redis not available
[04-Jun-2025 18:19:01 Asia/Manila] Error fetching canceled appointments: SQLSTATE[42000]: Syntax error or access violation: 1176 Key 'idx_patient_status_time' doesn't exist in table 'a'
[04-Jun-2025 18:19:01 Asia/Manila] Redis extension is not loaded
[04-Jun-2025 18:19:01 Asia/Manila] Rate limiting disabled - Redis not available
[04-Jun-2025 18:19:01 Asia/Manila] Error fetching canceled appointments: SQLSTATE[42000]: Syntax error or access violation: 1176 Key 'idx_patient_status_time' doesn't exist in table 'a'
[04-Jun-2025 18:19:01 Asia/Manila] Redis extension is not loaded
[04-Jun-2025 18:19:01 Asia/Manila] Rate limiting disabled - Redis not available
[04-Jun-2025 18:19:01 Asia/Manila] Error fetching canceled appointments: SQLSTATE[42000]: Syntax error or access violation: 1176 Key 'idx_patient_status_time' doesn't exist in table 'a'
[04-Jun-2025 18:19:01 Asia/Manila] Redis extension is not loaded
[04-Jun-2025 18:19:01 Asia/Manila] Rate limiting disabled - Redis not available
[04-Jun-2025 18:19:01 Asia/Manila] Error fetching canceled appointments: SQLSTATE[42000]: Syntax error or access violation: 1176 Key 'idx_patient_status_time' doesn't exist in table 'a'
[04-Jun-2025 18:22:26 Asia/Manila] Redis extension is not loaded
[04-Jun-2025 18:22:26 Asia/Manila] Rate limiting disabled - Redis not available
[04-Jun-2025 18:22:26 Asia/Manila] Error fetching canceled appointments: SQLSTATE[42000]: Syntax error or access violation: 1176 Key 'idx_patient_status_time' doesn't exist in table 'a'
[04-Jun-2025 18:22:27 Asia/Manila] Redis extension is not loaded
[04-Jun-2025 18:22:27 Asia/Manila] Rate limiting disabled - Redis not available
[04-Jun-2025 18:22:27 Asia/Manila] Error fetching canceled appointments: SQLSTATE[42000]: Syntax error or access violation: 1176 Key 'idx_patient_status_time' doesn't exist in table 'a'
[04-Jun-2025 18:22:27 Asia/Manila] Redis extension is not loaded
[04-Jun-2025 18:22:27 Asia/Manila] Rate limiting disabled - Redis not available
[04-Jun-2025 18:22:27 Asia/Manila] Error fetching canceled appointments: SQLSTATE[42000]: Syntax error or access violation: 1176 Key 'idx_patient_status_time' doesn't exist in table 'a'
[04-Jun-2025 18:22:27 Asia/Manila] Redis extension is not loaded
[04-Jun-2025 18:22:27 Asia/Manila] Rate limiting disabled - Redis not available
[04-Jun-2025 18:22:27 Asia/Manila] Error fetching canceled appointments: SQLSTATE[42000]: Syntax error or access violation: 1176 Key 'idx_patient_status_time' doesn't exist in table 'a'
[04-Jun-2025 18:22:28 Asia/Manila] Redis extension is not loaded
[04-Jun-2025 18:22:28 Asia/Manila] Rate limiting disabled - Redis not available
[04-Jun-2025 18:22:28 Asia/Manila] Error fetching canceled appointments: SQLSTATE[42000]: Syntax error or access violation: 1176 Key 'idx_patient_status_time' doesn't exist in table 'a'
[04-Jun-2025 18:22:28 Asia/Manila] Redis extension is not loaded
[04-Jun-2025 18:22:28 Asia/Manila] Rate limiting disabled - Redis not available
[04-Jun-2025 18:22:28 Asia/Manila] Error fetching canceled appointments: SQLSTATE[42000]: Syntax error or access violation: 1176 Key 'idx_patient_status_time' doesn't exist in table 'a'
[04-Jun-2025 18:22:28 Asia/Manila] Redis extension is not loaded
[04-Jun-2025 18:22:28 Asia/Manila] Rate limiting disabled - Redis not available
[04-Jun-2025 18:22:28 Asia/Manila] Error fetching canceled appointments: SQLSTATE[42000]: Syntax error or access violation: 1176 Key 'idx_patient_status_time' doesn't exist in table 'a'
[04-Jun-2025 18:22:28 Asia/Manila] Redis extension is not loaded
[04-Jun-2025 18:22:28 Asia/Manila] Rate limiting disabled - Redis not available
[04-Jun-2025 18:22:28 Asia/Manila] Error fetching canceled appointments: SQLSTATE[42000]: Syntax error or access violation: 1176 Key 'idx_patient_status_time' doesn't exist in table 'a'
[04-Jun-2025 18:22:29 Asia/Manila] Redis extension is not loaded
[04-Jun-2025 18:22:29 Asia/Manila] Rate limiting disabled - Redis not available
[04-Jun-2025 18:22:32 Asia/Manila] Redis extension is not loaded
[04-Jun-2025 18:22:32 Asia/Manila] Rate limiting disabled - Redis not available
[04-Jun-2025 18:22:32 Asia/Manila] Error fetching canceled appointments: SQLSTATE[42000]: Syntax error or access violation: 1176 Key 'idx_patient_status_time' doesn't exist in table 'a'
[04-Jun-2025 18:22:34 Asia/Manila] Redis extension is not loaded
[04-Jun-2025 18:22:34 Asia/Manila] Rate limiting disabled - Redis not available
[04-Jun-2025 18:22:35 Asia/Manila] Redis extension is not loaded
[04-Jun-2025 18:22:35 Asia/Manila] Rate limiting disabled - Redis not available
[04-Jun-2025 18:22:35 Asia/Manila] Error fetching canceled appointments: SQLSTATE[42000]: Syntax error or access violation: 1176 Key 'idx_patient_status_time' doesn't exist in table 'a'
[04-Jun-2025 18:28:03 Asia/Manila] Redis extension is not loaded
[04-Jun-2025 18:28:03 Asia/Manila] Rate limiting disabled - Redis not available
[04-Jun-2025 18:28:03 Asia/Manila] Error fetching canceled appointments: SQLSTATE[42000]: Syntax error or access violation: 1176 Key 'idx_patient_status_time' doesn't exist in table 'a'
[04-Jun-2025 18:28:03 Asia/Manila] Redis extension is not loaded
[04-Jun-2025 18:28:03 Asia/Manila] Rate limiting disabled - Redis not available
[04-Jun-2025 18:28:04 Asia/Manila] Error fetching canceled appointments: SQLSTATE[42000]: Syntax error or access violation: 1176 Key 'idx_patient_status_time' doesn't exist in table 'a'
[04-Jun-2025 18:28:04 Asia/Manila] Redis extension is not loaded
[04-Jun-2025 18:28:04 Asia/Manila] Rate limiting disabled - Redis not available
[04-Jun-2025 18:28:04 Asia/Manila] Error fetching canceled appointments: SQLSTATE[42000]: Syntax error or access violation: 1176 Key 'idx_patient_status_time' doesn't exist in table 'a'
[04-Jun-2025 18:28:04 Asia/Manila] Redis extension is not loaded
[04-Jun-2025 18:28:04 Asia/Manila] Rate limiting disabled - Redis not available
[04-Jun-2025 18:28:04 Asia/Manila] Error fetching canceled appointments: SQLSTATE[42000]: Syntax error or access violation: 1176 Key 'idx_patient_status_time' doesn't exist in table 'a'
[04-Jun-2025 18:28:04 Asia/Manila] Redis extension is not loaded
[04-Jun-2025 18:28:04 Asia/Manila] Rate limiting disabled - Redis not available
[04-Jun-2025 18:28:04 Asia/Manila] Error fetching canceled appointments: SQLSTATE[42000]: Syntax error or access violation: 1176 Key 'idx_patient_status_time' doesn't exist in table 'a'
[04-Jun-2025 18:29:54 Asia/Manila] Redis extension is not loaded
[04-Jun-2025 18:29:54 Asia/Manila] Rate limiting disabled - Redis not available
[04-Jun-2025 18:29:56 Asia/Manila] Redis extension is not loaded
[04-Jun-2025 18:29:56 Asia/Manila] Rate limiting disabled - Redis not available
[04-Jun-2025 18:29:56 Asia/Manila] Error fetching canceled appointments: SQLSTATE[42000]: Syntax error or access violation: 1176 Key 'idx_patient_status_time' doesn't exist in table 'a'
[04-Jun-2025 18:30:00 Asia/Manila] Redis extension is not loaded
[04-Jun-2025 18:30:00 Asia/Manila] Rate limiting disabled - Redis not available
[04-Jun-2025 18:30:08 Asia/Manila] Redis extension is not loaded
[04-Jun-2025 18:30:08 Asia/Manila] Rate limiting disabled - Redis not available
[04-Jun-2025 18:30:08 Asia/Manila] Error fetching canceled appointments: SQLSTATE[42000]: Syntax error or access violation: 1176 Key 'idx_patient_status_time' doesn't exist in table 'a'
[04-Jun-2025 18:30:09 Asia/Manila] Redis extension is not loaded
[04-Jun-2025 18:30:09 Asia/Manila] Rate limiting disabled - Redis not available
[04-Jun-2025 18:30:22 Asia/Manila] Appointment Data - Date: 2025-06-05, Time: 11:00, Reason: asdasasd
[04-Jun-2025 18:30:22 Asia/Manila] Combined DateTime: 2025-06-05 11:00:00
[04-Jun-2025 18:30:22 Asia/Manila] Inserting - PatientID: 1, DoctorID: 5, DateTime: 2025-06-05 11:00:00, Reason: asdasasd
[04-Jun-2025 18:30:22 Asia/Manila] Redis extension is not loaded
[04-Jun-2025 18:30:22 Asia/Manila] Rate limiting disabled - Redis not available
[04-Jun-2025 18:30:22 Asia/Manila] Error fetching canceled appointments: SQLSTATE[42000]: Syntax error or access violation: 1176 Key 'idx_patient_status_time' doesn't exist in table 'a'
[04-Jun-2025 18:30:47 Asia/Manila] Redis extension is not loaded
[04-Jun-2025 18:30:47 Asia/Manila] Rate limiting disabled - Redis not available
[04-Jun-2025 18:31:10 Asia/Manila] Redis extension is not loaded
[04-Jun-2025 18:31:10 Asia/Manila] Rate limiting disabled - Redis not available
[04-Jun-2025 18:31:10 Asia/Manila] Error fetching canceled appointments: SQLSTATE[42000]: Syntax error or access violation: 1176 Key 'idx_patient_status_time' doesn't exist in table 'a'
[04-Jun-2025 18:31:43 Asia/Manila] Redis extension is not loaded
[04-Jun-2025 18:31:43 Asia/Manila] Rate limiting disabled - Redis not available
[04-Jun-2025 18:31:43 Asia/Manila] Error fetching canceled appointments: SQLSTATE[42000]: Syntax error or access violation: 1176 Key 'idx_patient_status_time' doesn't exist in table 'a'
[04-Jun-2025 18:31:44 Asia/Manila] Redis extension is not loaded
[04-Jun-2025 18:31:44 Asia/Manila] Rate limiting disabled - Redis not available
[04-Jun-2025 18:31:44 Asia/Manila] Error fetching canceled appointments: SQLSTATE[42000]: Syntax error or access violation: 1176 Key 'idx_patient_status_time' doesn't exist in table 'a'
[04-Jun-2025 18:31:44 Asia/Manila] Redis extension is not loaded
[04-Jun-2025 18:31:44 Asia/Manila] Rate limiting disabled - Redis not available
[04-Jun-2025 18:31:44 Asia/Manila] Error fetching canceled appointments: SQLSTATE[42000]: Syntax error or access violation: 1176 Key 'idx_patient_status_time' doesn't exist in table 'a'
[04-Jun-2025 18:31:44 Asia/Manila] Redis extension is not loaded
[04-Jun-2025 18:31:44 Asia/Manila] Rate limiting disabled - Redis not available
[04-Jun-2025 18:31:44 Asia/Manila] Error fetching canceled appointments: SQLSTATE[42000]: Syntax error or access violation: 1176 Key 'idx_patient_status_time' doesn't exist in table 'a'
[04-Jun-2025 18:31:44 Asia/Manila] Redis extension is not loaded
[04-Jun-2025 18:31:44 Asia/Manila] Rate limiting disabled - Redis not available
[04-Jun-2025 18:31:44 Asia/Manila] Error fetching canceled appointments: SQLSTATE[42000]: Syntax error or access violation: 1176 Key 'idx_patient_status_time' doesn't exist in table 'a'
[04-Jun-2025 18:31:45 Asia/Manila] Redis extension is not loaded
[04-Jun-2025 18:31:45 Asia/Manila] Rate limiting disabled - Redis not available
[04-Jun-2025 18:31:46 Asia/Manila] Redis extension is not loaded
[04-Jun-2025 18:31:46 Asia/Manila] Rate limiting disabled - Redis not available
[04-Jun-2025 18:31:46 Asia/Manila] Error fetching canceled appointments: SQLSTATE[42000]: Syntax error or access violation: 1176 Key 'idx_patient_status_time' doesn't exist in table 'a'
[04-Jun-2025 18:55:09 Asia/Manila] Redis extension is not loaded
[04-Jun-2025 18:55:09 Asia/Manila] Rate limiting disabled - Redis not available
[04-Jun-2025 18:55:09 Asia/Manila] Error fetching canceled appointments: SQLSTATE[42000]: Syntax error or access violation: 1176 Key 'idx_patient_status_time' doesn't exist in table 'a'
[04-Jun-2025 18:55:10 Asia/Manila] Redis extension is not loaded
[04-Jun-2025 18:55:10 Asia/Manila] Rate limiting disabled - Redis not available
[04-Jun-2025 18:55:10 Asia/Manila] Error fetching canceled appointments: SQLSTATE[42000]: Syntax error or access violation: 1176 Key 'idx_patient_status_time' doesn't exist in table 'a'
[04-Jun-2025 18:55:10 Asia/Manila] Redis extension is not loaded
[04-Jun-2025 18:55:10 Asia/Manila] Rate limiting disabled - Redis not available
[04-Jun-2025 18:55:10 Asia/Manila] Error fetching canceled appointments: SQLSTATE[42000]: Syntax error or access violation: 1176 Key 'idx_patient_status_time' doesn't exist in table 'a'
[04-Jun-2025 18:55:10 Asia/Manila] Redis extension is not loaded
[04-Jun-2025 18:55:10 Asia/Manila] Rate limiting disabled - Redis not available
[04-Jun-2025 18:55:10 Asia/Manila] Error fetching canceled appointments: SQLSTATE[42000]: Syntax error or access violation: 1176 Key 'idx_patient_status_time' doesn't exist in table 'a'
[04-Jun-2025 18:55:38 Asia/Manila] Redis extension is not loaded
[04-Jun-2025 18:55:38 Asia/Manila] Rate limiting disabled - Redis not available
[04-Jun-2025 18:55:38 Asia/Manila] Error fetching canceled appointments: SQLSTATE[42000]: Syntax error or access violation: 1176 Key 'idx_patient_status_time' doesn't exist in table 'a'
[04-Jun-2025 18:55:38 Asia/Manila] Redis extension is not loaded
[04-Jun-2025 18:55:38 Asia/Manila] Rate limiting disabled - Redis not available
[04-Jun-2025 18:55:38 Asia/Manila] Error fetching canceled appointments: SQLSTATE[42000]: Syntax error or access violation: 1176 Key 'idx_patient_status_time' doesn't exist in table 'a'
[04-Jun-2025 18:55:38 Asia/Manila] Redis extension is not loaded
[04-Jun-2025 18:55:39 Asia/Manila] Rate limiting disabled - Redis not available
[04-Jun-2025 18:55:39 Asia/Manila] Error fetching canceled appointments: SQLSTATE[42000]: Syntax error or access violation: 1176 Key 'idx_patient_status_time' doesn't exist in table 'a'
[04-Jun-2025 18:55:39 Asia/Manila] Redis extension is not loaded
[04-Jun-2025 18:55:39 Asia/Manila] Rate limiting disabled - Redis not available
[04-Jun-2025 18:55:39 Asia/Manila] Error fetching canceled appointments: SQLSTATE[42000]: Syntax error or access violation: 1176 Key 'idx_patient_status_time' doesn't exist in table 'a'
[04-Jun-2025 18:55:39 Asia/Manila] Redis extension is not loaded
[04-Jun-2025 18:55:39 Asia/Manila] Rate limiting disabled - Redis not available
[04-Jun-2025 18:55:39 Asia/Manila] Error fetching canceled appointments: SQLSTATE[42000]: Syntax error or access violation: 1176 Key 'idx_patient_status_time' doesn't exist in table 'a'
[04-Jun-2025 18:55:39 Asia/Manila] Redis extension is not loaded
[04-Jun-2025 18:55:39 Asia/Manila] Rate limiting disabled - Redis not available
[04-Jun-2025 18:55:39 Asia/Manila] Error fetching canceled appointments: SQLSTATE[42000]: Syntax error or access violation: 1176 Key 'idx_patient_status_time' doesn't exist in table 'a'
[04-Jun-2025 18:55:39 Asia/Manila] Redis extension is not loaded
[04-Jun-2025 18:55:39 Asia/Manila] Rate limiting disabled - Redis not available
[04-Jun-2025 18:55:39 Asia/Manila] Error fetching canceled appointments: SQLSTATE[42000]: Syntax error or access violation: 1176 Key 'idx_patient_status_time' doesn't exist in table 'a'
[04-Jun-2025 18:55:39 Asia/Manila] Redis extension is not loaded
[04-Jun-2025 18:55:39 Asia/Manila] Rate limiting disabled - Redis not available
[04-Jun-2025 18:55:39 Asia/Manila] Error fetching canceled appointments: SQLSTATE[42000]: Syntax error or access violation: 1176 Key 'idx_patient_status_time' doesn't exist in table 'a'
[04-Jun-2025 19:03:56 Asia/Manila] Redis extension is not loaded
[04-Jun-2025 19:08:16 Asia/Manila] Redis extension is not loaded
[04-Jun-2025 19:08:16 Asia/Manila] Rate limiting disabled - Redis not available
[04-Jun-2025 19:08:16 Asia/Manila] Error fetching canceled appointments: SQLSTATE[42000]: Syntax error or access violation: 1176 Key 'idx_patient_status_time' doesn't exist in table 'a'
[04-Jun-2025 19:08:16 Asia/Manila] Patient Details: Array
(
    [PatientID] => 1
    [PatientName] => gabriel mantua
    [PatientEmail] => gabbb@gmail.com
    [PatientPhone] => 0987654321
    [ProfileImage] => gabriel_profile.jpg
)

[04-Jun-2025 19:08:16 Asia/Manila] Image File Path: ../uploads/images/gabriel_profile.jpg
[04-Jun-2025 19:08:16 Asia/Manila] Image File Exists: No
[04-Jun-2025 19:08:17 Asia/Manila] Redis extension is not loaded
[04-Jun-2025 19:08:17 Asia/Manila] Rate limiting disabled - Redis not available
[04-Jun-2025 19:08:17 Asia/Manila] Error fetching canceled appointments: SQLSTATE[42000]: Syntax error or access violation: 1176 Key 'idx_patient_status_time' doesn't exist in table 'a'
[04-Jun-2025 19:08:17 Asia/Manila] Patient Details: Array
(
    [PatientID] => 1
    [PatientName] => gabriel mantua
    [PatientEmail] => gabbb@gmail.com
    [PatientPhone] => 0987654321
    [ProfileImage] => gabriel_profile.jpg
)

[04-Jun-2025 19:08:17 Asia/Manila] Image File Path: ../uploads/images/gabriel_profile.jpg
[04-Jun-2025 19:08:17 Asia/Manila] Image File Exists: No
[04-Jun-2025 19:08:17 Asia/Manila] Redis extension is not loaded
[04-Jun-2025 19:08:17 Asia/Manila] Rate limiting disabled - Redis not available
[04-Jun-2025 19:08:17 Asia/Manila] Error fetching canceled appointments: SQLSTATE[42000]: Syntax error or access violation: 1176 Key 'idx_patient_status_time' doesn't exist in table 'a'
[04-Jun-2025 19:08:17 Asia/Manila] Patient Details: Array
(
    [PatientID] => 1
    [PatientName] => gabriel mantua
    [PatientEmail] => gabbb@gmail.com
    [PatientPhone] => 0987654321
    [ProfileImage] => gabriel_profile.jpg
)

[04-Jun-2025 19:08:17 Asia/Manila] Image File Path: ../uploads/images/gabriel_profile.jpg
[04-Jun-2025 19:08:17 Asia/Manila] Image File Exists: No
[04-Jun-2025 19:08:17 Asia/Manila] Redis extension is not loaded
[04-Jun-2025 19:08:17 Asia/Manila] Rate limiting disabled - Redis not available
[04-Jun-2025 19:08:17 Asia/Manila] Error fetching canceled appointments: SQLSTATE[42000]: Syntax error or access violation: 1176 Key 'idx_patient_status_time' doesn't exist in table 'a'
[04-Jun-2025 19:08:17 Asia/Manila] Patient Details: Array
(
    [PatientID] => 1
    [PatientName] => gabriel mantua
    [PatientEmail] => gabbb@gmail.com
    [PatientPhone] => 0987654321
    [ProfileImage] => gabriel_profile.jpg
)

[04-Jun-2025 19:08:17 Asia/Manila] Image File Path: ../uploads/images/gabriel_profile.jpg
[04-Jun-2025 19:08:17 Asia/Manila] Image File Exists: No
[04-Jun-2025 19:08:18 Asia/Manila] Redis extension is not loaded
[04-Jun-2025 19:08:18 Asia/Manila] Rate limiting disabled - Redis not available
[04-Jun-2025 19:08:18 Asia/Manila] Error fetching canceled appointments: SQLSTATE[42000]: Syntax error or access violation: 1176 Key 'idx_patient_status_time' doesn't exist in table 'a'
[04-Jun-2025 19:08:18 Asia/Manila] Patient Details: Array
(
    [PatientID] => 1
    [PatientName] => gabriel mantua
    [PatientEmail] => gabbb@gmail.com
    [PatientPhone] => 0987654321
    [ProfileImage] => gabriel_profile.jpg
)

[04-Jun-2025 19:08:18 Asia/Manila] Image File Path: ../uploads/images/gabriel_profile.jpg
[04-Jun-2025 19:08:18 Asia/Manila] Image File Exists: No
[04-Jun-2025 19:14:35 Asia/Manila] Redis extension is not loaded
[04-Jun-2025 19:14:35 Asia/Manila] Rate limiting disabled - Redis not available
[04-Jun-2025 19:14:35 Asia/Manila] Error fetching canceled appointments: SQLSTATE[42000]: Syntax error or access violation: 1176 Key 'idx_patient_status_time' doesn't exist in table 'a'
[04-Jun-2025 19:14:35 Asia/Manila] Database error while fetching patient details: SQLSTATE[HY093]: Invalid parameter number
[04-Jun-2025 19:14:35 Asia/Manila] Patient Details: Array
(
    [PatientID] => 1
    [PatientName] => User
    [PatientEmail] => 
    [PatientPhone] => 
    [ProfileImage] => 
)

[04-Jun-2025 19:14:35 Asia/Manila] Has Profile Image: No
[04-Jun-2025 19:14:35 Asia/Manila] Image File Path: 
[04-Jun-2025 19:14:35 Asia/Manila] Redis extension is not loaded
[04-Jun-2025 19:14:35 Asia/Manila] Rate limiting disabled - Redis not available
[04-Jun-2025 19:14:35 Asia/Manila] Error fetching canceled appointments: SQLSTATE[42000]: Syntax error or access violation: 1176 Key 'idx_patient_status_time' doesn't exist in table 'a'
[04-Jun-2025 19:14:35 Asia/Manila] Database error while fetching patient details: SQLSTATE[HY093]: Invalid parameter number
[04-Jun-2025 19:14:35 Asia/Manila] Patient Details: Array
(
    [PatientID] => 1
    [PatientName] => User
    [PatientEmail] => 
    [PatientPhone] => 
    [ProfileImage] => 
)

[04-Jun-2025 19:14:35 Asia/Manila] Has Profile Image: No
[04-Jun-2025 19:14:35 Asia/Manila] Image File Path: 
[04-Jun-2025 19:14:36 Asia/Manila] Redis extension is not loaded
[04-Jun-2025 19:14:36 Asia/Manila] Rate limiting disabled - Redis not available
[04-Jun-2025 19:14:36 Asia/Manila] Error fetching canceled appointments: SQLSTATE[42000]: Syntax error or access violation: 1176 Key 'idx_patient_status_time' doesn't exist in table 'a'
[04-Jun-2025 19:14:36 Asia/Manila] Database error while fetching patient details: SQLSTATE[HY093]: Invalid parameter number
[04-Jun-2025 19:14:36 Asia/Manila] Patient Details: Array
(
    [PatientID] => 1
    [PatientName] => User
    [PatientEmail] => 
    [PatientPhone] => 
    [ProfileImage] => 
)

[04-Jun-2025 19:14:36 Asia/Manila] Has Profile Image: No
[04-Jun-2025 19:14:36 Asia/Manila] Image File Path: 
[04-Jun-2025 19:14:38 Asia/Manila] Redis extension is not loaded
[04-Jun-2025 19:14:38 Asia/Manila] Rate limiting disabled - Redis not available
[04-Jun-2025 19:14:40 Asia/Manila] Redis extension is not loaded
[04-Jun-2025 19:14:40 Asia/Manila] Rate limiting disabled - Redis not available
[04-Jun-2025 19:14:40 Asia/Manila] Error fetching canceled appointments: SQLSTATE[42000]: Syntax error or access violation: 1176 Key 'idx_patient_status_time' doesn't exist in table 'a'
[04-Jun-2025 19:14:40 Asia/Manila] Database error while fetching patient details: SQLSTATE[HY093]: Invalid parameter number
[04-Jun-2025 19:14:40 Asia/Manila] Patient Details: Array
(
    [PatientID] => 1
    [PatientName] => User
    [PatientEmail] => 
    [PatientPhone] => 
    [ProfileImage] => 
)

[04-Jun-2025 19:14:40 Asia/Manila] Has Profile Image: No
[04-Jun-2025 19:14:40 Asia/Manila] Image File Path: 
[04-Jun-2025 19:51:01 Asia/Manila] Logout error: SQLSTATE[42S02]: Base table or view not found: 1146 Table 'akasi.login_logs' doesn't exist
[04-Jun-2025 19:51:01 Asia/Manila] 2
[04-Jun-2025 19:51:15 Asia/Manila] Redis extension is not loaded
[04-Jun-2025 19:51:15 Asia/Manila] Rate limiting disabled - Redis not available
[04-Jun-2025 19:51:19 Asia/Manila] Logout error: SQLSTATE[42S02]: Base table or view not found: 1146 Table 'akasi.login_logs' doesn't exist
[04-Jun-2025 19:51:19 Asia/Manila] 2
[04-Jun-2025 19:51:21 Asia/Manila] 2
[04-Jun-2025 19:51:22 Asia/Manila] Redis extension is not loaded
[04-Jun-2025 19:52:51 Asia/Manila] Redis extension is not loaded
[04-Jun-2025 19:52:51 Asia/Manila] Rate limiting disabled - Redis not available
[04-Jun-2025 19:52:55 Asia/Manila] Redis extension is not loaded
[04-Jun-2025 19:52:55 Asia/Manila] Rate limiting disabled - Redis not available
[04-Jun-2025 19:52:58 Asia/Manila] Redis extension is not loaded
[04-Jun-2025 19:52:58 Asia/Manila] Rate limiting disabled - Redis not available
[04-Jun-2025 19:52:58 Asia/Manila] Error fetching canceled appointments: SQLSTATE[42000]: Syntax error or access violation: 1176 Key 'idx_patient_status_time' doesn't exist in table 'a'
[04-Jun-2025 19:53:15 Asia/Manila] Redis extension is not loaded
[04-Jun-2025 19:53:15 Asia/Manila] Rate limiting disabled - Redis not available
[04-Jun-2025 19:53:15 Asia/Manila] Error fetching canceled appointments: SQLSTATE[42000]: Syntax error or access violation: 1176 Key 'idx_patient_status_time' doesn't exist in table 'a'
[04-Jun-2025 19:53:18 Asia/Manila] Logout error: SQLSTATE[42S02]: Base table or view not found: 1146 Table 'akasi.login_logs' doesn't exist
[04-Jun-2025 19:53:18 Asia/Manila] 2
[05-Jun-2025 15:18:19 Asia/Manila] Redis extension is not loaded
[05-Jun-2025 15:18:21 Asia/Manila] Redis extension is not loaded
[05-Jun-2025 15:18:22 Asia/Manila] Redis extension is not loaded
[05-Jun-2025 15:18:24 Asia/Manila] Redis extension is not loaded
[05-Jun-2025 15:18:24 Asia/Manila] Redis extension is not loaded
[05-Jun-2025 15:18:24 Asia/Manila] Redis extension is not loaded
[05-Jun-2025 15:18:24 Asia/Manila] Medical records error: SQLSTATE[42000]: Syntax error or access violation: 1064 You have an error in your SQL syntax; check the manual that corresponds to your MariaDB server version for the right syntax to use near 'FROM meducalrecords m
                JOIN patient p ON p.PatientID = m.Pati...' at line 12
[05-Jun-2025 15:18:25 Asia/Manila] Redis extension is not loaded
[05-Jun-2025 15:18:28 Asia/Manila] Redis extension is not loaded
[05-Jun-2025 15:18:28 Asia/Manila] Redis extension is not loaded
[05-Jun-2025 15:18:28 Asia/Manila] Redis extension is not loaded
[05-Jun-2025 15:18:28 Asia/Manila] Medical records error: SQLSTATE[42000]: Syntax error or access violation: 1064 You have an error in your SQL syntax; check the manual that corresponds to your MariaDB server version for the right syntax to use near 'FROM meducalrecords m
                JOIN patient p ON p.PatientID = m.Pati...' at line 12
[05-Jun-2025 15:18:29 Asia/Manila] Redis extension is not loaded
[05-Jun-2025 15:18:56 Asia/Manila] Redis extension is not loaded
[05-Jun-2025 15:18:57 Asia/Manila] Redis extension is not loaded
[05-Jun-2025 15:19:01 Asia/Manila] Redis extension is not loaded
[05-Jun-2025 15:19:05 Asia/Manila] Redis extension is not loaded
[05-Jun-2025 15:19:08 Asia/Manila] Redis extension is not loaded
[05-Jun-2025 15:19:09 Asia/Manila] Redis extension is not loaded
[05-Jun-2025 15:19:09 Asia/Manila] Redis extension is not loaded
[05-Jun-2025 15:19:09 Asia/Manila] Redis extension is not loaded
[05-Jun-2025 15:19:09 Asia/Manila] Medical records error: SQLSTATE[42000]: Syntax error or access violation: 1064 You have an error in your SQL syntax; check the manual that corresponds to your MariaDB server version for the right syntax to use near 'FROM meducalrecords m
                JOIN patient p ON p.PatientID = m.Pati...' at line 12
[05-Jun-2025 15:19:17 Asia/Manila] Redis extension is not loaded
[05-Jun-2025 15:19:17 Asia/Manila] 2
[05-Jun-2025 15:19:19 Asia/Manila] Redis extension is not loaded
[05-Jun-2025 15:19:19 Asia/Manila] Redis extension is not loaded
[05-Jun-2025 15:19:19 Asia/Manila] Redis extension is not loaded
[05-Jun-2025 15:19:19 Asia/Manila] Medical records error: SQLSTATE[42000]: Syntax error or access violation: 1064 You have an error in your SQL syntax; check the manual that corresponds to your MariaDB server version for the right syntax to use near 'FROM meducalrecords m
                JOIN patient p ON p.PatientID = m.Pati...' at line 12
[05-Jun-2025 15:19:19 Asia/Manila] Redis extension is not loaded
[05-Jun-2025 15:21:00 Asia/Manila] Redis extension is not loaded
[05-Jun-2025 15:21:02 Asia/Manila] Redis extension is not loaded
[05-Jun-2025 15:21:02 Asia/Manila] Redis extension is not loaded
[05-Jun-2025 15:21:41 Asia/Manila] Redis extension is not loaded
[05-Jun-2025 15:22:54 Asia/Manila] Redis extension is not loaded
[05-Jun-2025 15:22:56 Asia/Manila] Redis extension is not loaded
[05-Jun-2025 15:24:35 Asia/Manila] Redis extension is not loaded
[05-Jun-2025 15:25:11 Asia/Manila] Redis extension is not loaded
[05-Jun-2025 15:25:12 Asia/Manila] Redis extension is not loaded
[05-Jun-2025 15:25:18 Asia/Manila] Redis extension is not loaded
[05-Jun-2025 15:25:24 Asia/Manila] Redis extension is not loaded
[05-Jun-2025 15:25:24 Asia/Manila] Redis extension is not loaded
[05-Jun-2025 15:25:24 Asia/Manila] Redis extension is not loaded
[05-Jun-2025 15:25:24 Asia/Manila] Medical records error: SQLSTATE[42000]: Syntax error or access violation: 1064 You have an error in your SQL syntax; check the manual that corresponds to your MariaDB server version for the right syntax to use near 'FROM meducalrecords m
                JOIN patient p ON p.PatientID = m.Pati...' at line 12
[05-Jun-2025 15:25:28 Asia/Manila] Redis extension is not loaded
[05-Jun-2025 15:25:29 Asia/Manila] Redis extension is not loaded
[05-Jun-2025 15:26:25 Asia/Manila] Redis extension is not loaded
[05-Jun-2025 15:27:11 Asia/Manila] Redis extension is not loaded
[05-Jun-2025 15:27:12 Asia/Manila] Redis extension is not loaded
[05-Jun-2025 15:27:17 Asia/Manila] Redis extension is not loaded
[05-Jun-2025 15:28:03 Asia/Manila] Redis extension is not loaded
[05-Jun-2025 15:28:05 Asia/Manila] Redis extension is not loaded
[05-Jun-2025 15:28:05 Asia/Manila] Redis extension is not loaded
[05-Jun-2025 15:28:27 Asia/Manila] Redis extension is not loaded
[05-Jun-2025 15:28:44 Asia/Manila] Redis extension is not loaded
[05-Jun-2025 15:28:45 Asia/Manila] Redis extension is not loaded
[05-Jun-2025 15:28:49 Asia/Manila] Redis extension is not loaded
[05-Jun-2025 15:28:50 Asia/Manila] Redis extension is not loaded
[05-Jun-2025 15:28:51 Asia/Manila] Redis extension is not loaded
[05-Jun-2025 15:28:52 Asia/Manila] Redis extension is not loaded
[05-Jun-2025 15:29:01 Asia/Manila] Redis extension is not loaded
[05-Jun-2025 15:29:02 Asia/Manila] Redis extension is not loaded
[05-Jun-2025 15:29:02 Asia/Manila] Redis extension is not loaded
[05-Jun-2025 15:29:04 Asia/Manila] Redis extension is not loaded
[05-Jun-2025 15:29:47 Asia/Manila] Redis extension is not loaded
[05-Jun-2025 15:29:49 Asia/Manila] Redis extension is not loaded
[05-Jun-2025 15:29:49 Asia/Manila] Redis extension is not loaded
[05-Jun-2025 15:29:50 Asia/Manila] Redis extension is not loaded
[05-Jun-2025 15:30:23 Asia/Manila] Redis extension is not loaded
[05-Jun-2025 15:30:23 Asia/Manila] Redis extension is not loaded
[05-Jun-2025 15:30:55 Asia/Manila] Redis extension is not loaded
[05-Jun-2025 15:30:56 Asia/Manila] Redis extension is not loaded
[05-Jun-2025 15:31:57 Asia/Manila] Redis extension is not loaded
[05-Jun-2025 15:31:58 Asia/Manila] Redis extension is not loaded
[05-Jun-2025 15:32:08 Asia/Manila] Redis extension is not loaded
[05-Jun-2025 15:32:09 Asia/Manila] Redis extension is not loaded
[05-Jun-2025 15:32:10 Asia/Manila] Redis extension is not loaded
[05-Jun-2025 15:32:33 Asia/Manila] Redis extension is not loaded
[06-Jun-2025 04:17:11 Asia/Manila] Redis extension is not loaded
[06-Jun-2025 04:17:18 Asia/Manila] Redis extension is not loaded
[06-Jun-2025 04:17:19 Asia/Manila] Redis extension is not loaded
[06-Jun-2025 04:17:20 Asia/Manila] Redis extension is not loaded
[06-Jun-2025 04:17:20 Asia/Manila] Redis extension is not loaded
[06-Jun-2025 04:17:20 Asia/Manila] Redis extension is not loaded
[06-Jun-2025 04:17:20 Asia/Manila] Medical records error: SQLSTATE[42000]: Syntax error or access violation: 1064 You have an error in your SQL syntax; check the manual that corresponds to your MariaDB server version for the right syntax to use near 'FROM meducalrecords m
                JOIN patient p ON p.PatientID = m.Pati...' at line 12
[06-Jun-2025 04:17:22 Asia/Manila] Redis extension is not loaded
[06-Jun-2025 04:17:23 Asia/Manila] Redis extension is not loaded
[06-Jun-2025 04:17:24 Asia/Manila] Redis extension is not loaded
[06-Jun-2025 04:17:25 Asia/Manila] Redis extension is not loaded
[06-Jun-2025 04:17:25 Asia/Manila] Redis extension is not loaded
[06-Jun-2025 04:17:26 Asia/Manila] Redis extension is not loaded
[06-Jun-2025 04:17:26 Asia/Manila] Redis extension is not loaded
[06-Jun-2025 04:17:26 Asia/Manila] Medical records error: SQLSTATE[42000]: Syntax error or access violation: 1064 You have an error in your SQL syntax; check the manual that corresponds to your MariaDB server version for the right syntax to use near 'FROM meducalrecords m
                JOIN patient p ON p.PatientID = m.Pati...' at line 12
[06-Jun-2025 04:17:26 Asia/Manila] Redis extension is not loaded
[06-Jun-2025 09:35:21 Asia/Manila] Redis extension is not loaded
[06-Jun-2025 09:35:29 Asia/Manila] Redis extension is not loaded
[06-Jun-2025 09:35:32 Asia/Manila] Redis extension is not loaded
[06-Jun-2025 09:35:33 Asia/Manila] Redis extension is not loaded
[06-Jun-2025 09:35:35 Asia/Manila] Redis extension is not loaded
[06-Jun-2025 09:35:36 Asia/Manila] Redis extension is not loaded
[06-Jun-2025 09:35:40 Asia/Manila] Redis extension is not loaded
[06-Jun-2025 09:50:39 Asia/Manila] Redis extension is not loaded
[06-Jun-2025 09:50:41 Asia/Manila] Redis extension is not loaded
[06-Jun-2025 09:50:41 Asia/Manila] Redis extension is not loaded
[06-Jun-2025 09:50:41 Asia/Manila] Redis extension is not loaded
[06-Jun-2025 09:50:42 Asia/Manila] Redis extension is not loaded
[06-Jun-2025 09:50:42 Asia/Manila] Redis extension is not loaded
[06-Jun-2025 09:50:42 Asia/Manila] Redis extension is not loaded
[06-Jun-2025 10:08:59 Asia/Manila] Redis extension is not loaded
[06-Jun-2025 10:42:40 Asia/Manila] Redis extension is not loaded
[06-Jun-2025 10:42:40 Asia/Manila] Redis extension is not loaded
[06-Jun-2025 10:42:40 Asia/Manila] Redis extension is not loaded
[06-Jun-2025 10:42:40 Asia/Manila] Medical records error: SQLSTATE[42000]: Syntax error or access violation: 1064 You have an error in your SQL syntax; check the manual that corresponds to your MariaDB server version for the right syntax to use near 'FROM meducalrecords m
                JOIN patient p ON p.PatientID = m.Pati...' at line 12
[06-Jun-2025 10:42:48 Asia/Manila] Redis extension is not loaded
[06-Jun-2025 10:42:50 Asia/Manila] Redis extension is not loaded
[06-Jun-2025 10:42:50 Asia/Manila] Redis extension is not loaded
[06-Jun-2025 10:42:50 Asia/Manila] Redis extension is not loaded
[06-Jun-2025 10:42:50 Asia/Manila] Medical records error: SQLSTATE[42000]: Syntax error or access violation: 1064 You have an error in your SQL syntax; check the manual that corresponds to your MariaDB server version for the right syntax to use near 'FROM meducalrecords m
                JOIN patient p ON p.PatientID = m.Pati...' at line 12
[06-Jun-2025 10:42:51 Asia/Manila] Redis extension is not loaded
[06-Jun-2025 10:48:04 Asia/Manila] Redis extension is not loaded
[06-Jun-2025 10:48:06 Asia/Manila] Redis extension is not loaded
[06-Jun-2025 10:48:07 Asia/Manila] Redis extension is not loaded
[06-Jun-2025 10:48:07 Asia/Manila] Redis extension is not loaded
[06-Jun-2025 10:48:08 Asia/Manila] Redis extension is not loaded
[06-Jun-2025 10:48:08 Asia/Manila] Redis extension is not loaded
[06-Jun-2025 10:48:08 Asia/Manila] Redis extension is not loaded
[06-Jun-2025 10:48:09 Asia/Manila] Redis extension is not loaded
[06-Jun-2025 10:48:09 Asia/Manila] Redis extension is not loaded
[06-Jun-2025 10:48:09 Asia/Manila] Redis extension is not loaded
[06-Jun-2025 10:48:09 Asia/Manila] Redis extension is not loaded
[06-Jun-2025 10:48:10 Asia/Manila] Redis extension is not loaded
[06-Jun-2025 10:48:10 Asia/Manila] Redis extension is not loaded
[06-Jun-2025 10:48:10 Asia/Manila] Redis extension is not loaded
[06-Jun-2025 10:48:11 Asia/Manila] Redis extension is not loaded
[06-Jun-2025 10:48:42 Asia/Manila] Redis extension is not loaded
[06-Jun-2025 10:48:42 Asia/Manila] Redis extension is not loaded
[06-Jun-2025 10:48:42 Asia/Manila] Redis extension is not loaded
[06-Jun-2025 10:48:42 Asia/Manila] Medical records error: SQLSTATE[42000]: Syntax error or access violation: 1064 You have an error in your SQL syntax; check the manual that corresponds to your MariaDB server version for the right syntax to use near 'FROM meducalrecords m
                JOIN patient p ON p.PatientID = m.Pati...' at line 12
[06-Jun-2025 10:48:43 Asia/Manila] Redis extension is not loaded
[06-Jun-2025 10:48:44 Asia/Manila] Redis extension is not loaded
[06-Jun-2025 10:48:46 Asia/Manila] Redis extension is not loaded
[06-Jun-2025 10:52:59 Asia/Manila] Redis extension is not loaded
[06-Jun-2025 11:12:53 Asia/Manila] Redis extension is not loaded
[06-Jun-2025 11:12:57 Asia/Manila] Redis extension is not loaded
[06-Jun-2025 11:13:12 Asia/Manila] Redis extension is not loaded
[06-Jun-2025 11:13:12 Asia/Manila] Redis extension is not loaded
[06-Jun-2025 11:13:12 Asia/Manila] Redis extension is not loaded
[06-Jun-2025 11:13:12 Asia/Manila] Medical records error: SQLSTATE[42000]: Syntax error or access violation: 1064 You have an error in your SQL syntax; check the manual that corresponds to your MariaDB server version for the right syntax to use near 'FROM meducalrecords m
                JOIN patient p ON p.PatientID = m.Pati...' at line 12
[06-Jun-2025 11:13:49 Asia/Manila] Redis extension is not loaded
[06-Jun-2025 11:13:53 Asia/Manila] Redis extension is not loaded
[06-Jun-2025 11:13:53 Asia/Manila] Redis extension is not loaded
[06-Jun-2025 11:13:53 Asia/Manila] Redis extension is not loaded
[06-Jun-2025 11:13:53 Asia/Manila] Medical records error: SQLSTATE[42000]: Syntax error or access violation: 1064 You have an error in your SQL syntax; check the manual that corresponds to your MariaDB server version for the right syntax to use near 'FROM meducalrecords m
                JOIN patient p ON p.PatientID = m.Pati...' at line 12
[06-Jun-2025 11:20:04 Asia/Manila] Redis extension is not loaded
[06-Jun-2025 11:20:04 Asia/Manila] Redis extension is not loaded
[06-Jun-2025 11:20:04 Asia/Manila] Redis extension is not loaded
[06-Jun-2025 11:20:04 Asia/Manila] Medical records error: SQLSTATE[42000]: Syntax error or access violation: 1064 You have an error in your SQL syntax; check the manual that corresponds to your MariaDB server version for the right syntax to use near 'FROM meducalrecords m
                JOIN patient p ON p.PatientID = m.Pati...' at line 12
[06-Jun-2025 11:20:06 Asia/Manila] Redis extension is not loaded
[06-Jun-2025 11:20:07 Asia/Manila] Redis extension is not loaded
[06-Jun-2025 11:20:55 Asia/Manila] Redis extension is not loaded
[06-Jun-2025 11:44:00 Asia/Manila] Redis extension is not loaded
[06-Jun-2025 11:44:04 Asia/Manila] Redis extension is not loaded
[06-Jun-2025 11:44:06 Asia/Manila] Redis extension is not loaded
[06-Jun-2025 11:45:10 Asia/Manila] Redis extension is not loaded
[06-Jun-2025 11:45:11 Asia/Manila] Redis extension is not loaded
[06-Jun-2025 11:45:11 Asia/Manila] Redis extension is not loaded
[06-Jun-2025 11:45:11 Asia/Manila] Medical records error: SQLSTATE[42000]: Syntax error or access violation: 1064 You have an error in your SQL syntax; check the manual that corresponds to your MariaDB server version for the right syntax to use near 'FROM meducalrecords m
                JOIN patient p ON p.PatientID = m.Pati...' at line 12
[06-Jun-2025 11:46:44 Asia/Manila] Redis extension is not loaded
[06-Jun-2025 11:50:17 Asia/Manila] Redis extension is not loaded
[06-Jun-2025 11:50:21 Asia/Manila] Redis extension is not loaded
[06-Jun-2025 11:50:22 Asia/Manila] Redis extension is not loaded
[06-Jun-2025 11:50:22 Asia/Manila] Redis extension is not loaded
[06-Jun-2025 11:50:22 Asia/Manila] Redis extension is not loaded
[06-Jun-2025 11:50:23 Asia/Manila] Redis extension is not loaded
[06-Jun-2025 11:50:23 Asia/Manila] Medical records error: SQLSTATE[42000]: Syntax error or access violation: 1064 You have an error in your SQL syntax; check the manual that corresponds to your MariaDB server version for the right syntax to use near 'FROM meducalrecords m
                JOIN patient p ON p.PatientID = m.Pati...' at line 12
[06-Jun-2025 11:50:23 Asia/Manila] Redis extension is not loaded
[06-Jun-2025 11:50:24 Asia/Manila] Redis extension is not loaded
[06-Jun-2025 11:50:24 Asia/Manila] Redis extension is not loaded
[06-Jun-2025 11:50:24 Asia/Manila] Redis extension is not loaded
[06-Jun-2025 11:50:24 Asia/Manila] Medical records error: SQLSTATE[42000]: Syntax error or access violation: 1064 You have an error in your SQL syntax; check the manual that corresponds to your MariaDB server version for the right syntax to use near 'FROM meducalrecords m
                JOIN patient p ON p.PatientID = m.Pati...' at line 12
[06-Jun-2025 11:50:25 Asia/Manila] Redis extension is not loaded
[06-Jun-2025 11:50:48 Asia/Manila] Redis extension is not loaded
[06-Jun-2025 11:50:49 Asia/Manila] Redis extension is not loaded
[06-Jun-2025 11:50:49 Asia/Manila] Redis extension is not loaded
[06-Jun-2025 11:50:49 Asia/Manila] Redis extension is not loaded
[06-Jun-2025 11:50:49 Asia/Manila] Redis extension is not loaded
[06-Jun-2025 11:50:50 Asia/Manila] Redis extension is not loaded
[06-Jun-2025 11:52:09 Asia/Manila] Redis extension is not loaded
[06-Jun-2025 11:52:09 Asia/Manila] Redis extension is not loaded
[06-Jun-2025 11:52:09 Asia/Manila] Redis extension is not loaded
[06-Jun-2025 11:52:09 Asia/Manila] Medical records error: SQLSTATE[42000]: Syntax error or access violation: 1064 You have an error in your SQL syntax; check the manual that corresponds to your MariaDB server version for the right syntax to use near 'FROM meducalrecords m
                JOIN patient p ON p.PatientID = m.Pati...' at line 12
[06-Jun-2025 11:52:10 Asia/Manila] Redis extension is not loaded
[06-Jun-2025 11:52:11 Asia/Manila] Redis extension is not loaded
[06-Jun-2025 11:52:11 Asia/Manila] Redis extension is not loaded
[06-Jun-2025 11:52:11 Asia/Manila] Redis extension is not loaded
[06-Jun-2025 11:52:11 Asia/Manila] Medical records error: SQLSTATE[42000]: Syntax error or access violation: 1064 You have an error in your SQL syntax; check the manual that corresponds to your MariaDB server version for the right syntax to use near 'FROM meducalrecords m
                JOIN patient p ON p.PatientID = m.Pati...' at line 12
[06-Jun-2025 11:52:58 Asia/Manila] Redis extension is not loaded
[06-Jun-2025 11:52:58 Asia/Manila] Redis extension is not loaded
[06-Jun-2025 11:52:59 Asia/Manila] Redis extension is not loaded
[06-Jun-2025 11:52:59 Asia/Manila] Redis extension is not loaded
[06-Jun-2025 11:53:00 Asia/Manila] Redis extension is not loaded
[06-Jun-2025 11:53:01 Asia/Manila] Redis extension is not loaded
[06-Jun-2025 11:53:01 Asia/Manila] Redis extension is not loaded
[06-Jun-2025 11:53:02 Asia/Manila] Redis extension is not loaded
[06-Jun-2025 11:53:02 Asia/Manila] Redis extension is not loaded
[06-Jun-2025 11:53:02 Asia/Manila] Redis extension is not loaded
[06-Jun-2025 11:53:02 Asia/Manila] Redis extension is not loaded
[06-Jun-2025 11:53:02 Asia/Manila] Redis extension is not loaded
[06-Jun-2025 11:53:02 Asia/Manila] Redis extension is not loaded
[06-Jun-2025 11:53:03 Asia/Manila] Redis extension is not loaded
[06-Jun-2025 11:53:03 Asia/Manila] Redis extension is not loaded
[06-Jun-2025 11:53:06 Asia/Manila] Redis extension is not loaded
[06-Jun-2025 11:53:06 Asia/Manila] Redis extension is not loaded
[06-Jun-2025 11:53:07 Asia/Manila] Redis extension is not loaded
[06-Jun-2025 11:53:07 Asia/Manila] Redis extension is not loaded
[06-Jun-2025 11:53:07 Asia/Manila] Redis extension is not loaded
[06-Jun-2025 11:54:24 Asia/Manila] Redis extension is not loaded
[06-Jun-2025 11:54:24 Asia/Manila] Redis extension is not loaded
[06-Jun-2025 11:54:25 Asia/Manila] Redis extension is not loaded
[06-Jun-2025 11:54:25 Asia/Manila] Redis extension is not loaded
[06-Jun-2025 11:54:25 Asia/Manila] Medical records error: SQLSTATE[42000]: Syntax error or access violation: 1064 You have an error in your SQL syntax; check the manual that corresponds to your MariaDB server version for the right syntax to use near 'FROM meducalrecords m
                JOIN patient p ON p.PatientID = m.Pati...' at line 12
[06-Jun-2025 11:58:31 Asia/Manila] Redis extension is not loaded
[06-Jun-2025 11:58:32 Asia/Manila] Redis extension is not loaded
[06-Jun-2025 11:58:32 Asia/Manila] Redis extension is not loaded
[06-Jun-2025 11:58:32 Asia/Manila] Medical records error: SQLSTATE[42000]: Syntax error or access violation: 1064 You have an error in your SQL syntax; check the manual that corresponds to your MariaDB server version for the right syntax to use near 'FROM meducalrecords m
                JOIN patient p ON p.PatientID = m.Pati...' at line 12
[06-Jun-2025 11:58:33 Asia/Manila] Redis extension is not loaded
[06-Jun-2025 11:58:34 Asia/Manila] Redis extension is not loaded
[06-Jun-2025 11:58:35 Asia/Manila] Redis extension is not loaded
[06-Jun-2025 11:58:37 Asia/Manila] Redis extension is not loaded
[06-Jun-2025 11:58:37 Asia/Manila] Redis extension is not loaded
[06-Jun-2025 11:58:37 Asia/Manila] Redis extension is not loaded
[06-Jun-2025 12:00:12 Asia/Manila] Redis extension is not loaded
[06-Jun-2025 12:00:13 Asia/Manila] Redis extension is not loaded
[06-Jun-2025 12:00:14 Asia/Manila] Redis extension is not loaded
[06-Jun-2025 12:00:14 Asia/Manila] Redis extension is not loaded
[06-Jun-2025 12:00:22 Asia/Manila] Redis extension is not loaded
[06-Jun-2025 12:04:36 Asia/Manila] Redis extension is not loaded
[06-Jun-2025 12:04:36 Asia/Manila] Redis extension is not loaded
[06-Jun-2025 12:04:50 Asia/Manila] Redis extension is not loaded
[06-Jun-2025 12:04:50 Asia/Manila] Redis extension is not loaded
[06-Jun-2025 12:04:50 Asia/Manila] Redis extension is not loaded
[06-Jun-2025 12:04:50 Asia/Manila] Medical records error: SQLSTATE[42000]: Syntax error or access violation: 1064 You have an error in your SQL syntax; check the manual that corresponds to your MariaDB server version for the right syntax to use near 'FROM meducalrecords m
                JOIN patient p ON p.PatientID = m.Pati...' at line 12
[06-Jun-2025 12:04:51 Asia/Manila] Redis extension is not loaded
[06-Jun-2025 12:04:52 Asia/Manila] Redis extension is not loaded
[06-Jun-2025 12:04:52 Asia/Manila] Redis extension is not loaded
[06-Jun-2025 12:04:52 Asia/Manila] Redis extension is not loaded
[06-Jun-2025 12:04:52 Asia/Manila] Medical records error: SQLSTATE[42000]: Syntax error or access violation: 1064 You have an error in your SQL syntax; check the manual that corresponds to your MariaDB server version for the right syntax to use near 'FROM meducalrecords m
                JOIN patient p ON p.PatientID = m.Pati...' at line 12
[06-Jun-2025 12:04:52 Asia/Manila] Redis extension is not loaded
[06-Jun-2025 12:04:54 Asia/Manila] Redis extension is not loaded
[06-Jun-2025 12:04:54 Asia/Manila] Redis extension is not loaded
[06-Jun-2025 12:04:54 Asia/Manila] Redis extension is not loaded
[06-Jun-2025 12:04:54 Asia/Manila] Medical records error: SQLSTATE[42000]: Syntax error or access violation: 1064 You have an error in your SQL syntax; check the manual that corresponds to your MariaDB server version for the right syntax to use near 'FROM meducalrecords m
                JOIN patient p ON p.PatientID = m.Pati...' at line 12
[06-Jun-2025 12:04:55 Asia/Manila] Redis extension is not loaded
[06-Jun-2025 12:04:55 Asia/Manila] Redis extension is not loaded
[06-Jun-2025 12:04:55 Asia/Manila] Redis extension is not loaded
[06-Jun-2025 12:04:55 Asia/Manila] Redis extension is not loaded
[06-Jun-2025 12:04:55 Asia/Manila] Medical records error: SQLSTATE[42000]: Syntax error or access violation: 1064 You have an error in your SQL syntax; check the manual that corresponds to your MariaDB server version for the right syntax to use near 'FROM meducalrecords m
                JOIN patient p ON p.PatientID = m.Pati...' at line 12
[06-Jun-2025 12:04:56 Asia/Manila] Redis extension is not loaded
[06-Jun-2025 12:04:57 Asia/Manila] Redis extension is not loaded
[06-Jun-2025 12:04:59 Asia/Manila] Redis extension is not loaded
[06-Jun-2025 12:04:59 Asia/Manila] Redis extension is not loaded
[06-Jun-2025 12:04:59 Asia/Manila] Redis extension is not loaded
[06-Jun-2025 12:04:59 Asia/Manila] Redis extension is not loaded
[06-Jun-2025 12:04:59 Asia/Manila] Medical records error: SQLSTATE[42000]: Syntax error or access violation: 1064 You have an error in your SQL syntax; check the manual that corresponds to your MariaDB server version for the right syntax to use near 'FROM meducalrecords m
                JOIN patient p ON p.PatientID = m.Pati...' at line 12
[06-Jun-2025 12:05:01 Asia/Manila] Redis extension is not loaded
[06-Jun-2025 12:07:48 Asia/Manila] Redis extension is not loaded
[06-Jun-2025 12:08:07 Asia/Manila] Redis extension is not loaded
[06-Jun-2025 12:08:14 Asia/Manila] Redis extension is not loaded
[06-Jun-2025 12:08:14 Asia/Manila] Redis extension is not loaded
[06-Jun-2025 12:08:14 Asia/Manila] Redis extension is not loaded
[06-Jun-2025 12:08:15 Asia/Manila] Redis extension is not loaded
[06-Jun-2025 12:08:24 Asia/Manila] Redis extension is not loaded
[06-Jun-2025 12:08:24 Asia/Manila] Redis extension is not loaded
[06-Jun-2025 12:08:24 Asia/Manila] Redis extension is not loaded
[06-Jun-2025 12:08:24 Asia/Manila] Medical records error: SQLSTATE[42000]: Syntax error or access violation: 1064 You have an error in your SQL syntax; check the manual that corresponds to your MariaDB server version for the right syntax to use near 'FROM meducalrecords m
                JOIN patient p ON p.PatientID = m.Pati...' at line 12
[06-Jun-2025 12:08:25 Asia/Manila] Redis extension is not loaded
[06-Jun-2025 12:08:25 Asia/Manila] Redis extension is not loaded
[06-Jun-2025 12:08:25 Asia/Manila] Redis extension is not loaded
[06-Jun-2025 12:08:25 Asia/Manila] Medical records error: SQLSTATE[42000]: Syntax error or access violation: 1064 You have an error in your SQL syntax; check the manual that corresponds to your MariaDB server version for the right syntax to use near 'FROM meducalrecords m
                JOIN patient p ON p.PatientID = m.Pati...' at line 12
[06-Jun-2025 12:09:17 Asia/Manila] Redis extension is not loaded
[06-Jun-2025 12:09:18 Asia/Manila] Redis extension is not loaded
[06-Jun-2025 12:09:18 Asia/Manila] Redis extension is not loaded
[06-Jun-2025 12:09:18 Asia/Manila] Medical records error: SQLSTATE[42000]: Syntax error or access violation: 1064 You have an error in your SQL syntax; check the manual that corresponds to your MariaDB server version for the right syntax to use near 'FROM meducalrecords m
                JOIN patient p ON p.PatientID = m.Pati...' at line 12
[06-Jun-2025 12:09:18 Asia/Manila] Redis extension is not loaded
[06-Jun-2025 12:09:20 Asia/Manila] Redis extension is not loaded
[07-Jun-2025 13:43:47 Asia/Manila] Redis extension is not loaded
[07-Jun-2025 13:43:52 Asia/Manila] Redis extension is not loaded
[07-Jun-2025 13:43:54 Asia/Manila] Redis extension is not loaded
[07-Jun-2025 13:43:55 Asia/Manila] Redis extension is not loaded
[07-Jun-2025 13:44:01 Asia/Manila] Redis extension is not loaded
[07-Jun-2025 13:45:44 Asia/Manila] Redis extension is not loaded
[07-Jun-2025 13:45:44 Asia/Manila] Redis extension is not loaded
[07-Jun-2025 13:45:45 Asia/Manila] Redis extension is not loaded
[07-Jun-2025 13:46:07 Asia/Manila] Redis extension is not loaded
[07-Jun-2025 13:47:56 Asia/Manila] Redis extension is not loaded
[07-Jun-2025 13:47:57 Asia/Manila] Redis extension is not loaded
[07-Jun-2025 13:48:03 Asia/Manila] Redis extension is not loaded
[07-Jun-2025 13:48:26 Asia/Manila] Redis extension is not loaded
[07-Jun-2025 13:48:26 Asia/Manila] Redis extension is not loaded
[07-Jun-2025 13:53:45 Asia/Manila] Redis extension is not loaded
[07-Jun-2025 13:53:46 Asia/Manila] Redis extension is not loaded
[07-Jun-2025 13:54:24 Asia/Manila] Redis extension is not loaded
[07-Jun-2025 13:54:25 Asia/Manila] Redis extension is not loaded
[07-Jun-2025 13:59:58 Asia/Manila] Redis extension is not loaded
[07-Jun-2025 14:00:15 Asia/Manila] Redis extension is not loaded
[07-Jun-2025 14:00:21 Asia/Manila] Redis extension is not loaded
[07-Jun-2025 14:06:57 Asia/Manila] Redis extension is not loaded
[07-Jun-2025 14:06:58 Asia/Manila] Redis extension is not loaded
[07-Jun-2025 14:06:58 Asia/Manila] Redis extension is not loaded
[07-Jun-2025 14:06:58 Asia/Manila] Redis extension is not loaded
[07-Jun-2025 14:09:56 Asia/Manila] Redis extension is not loaded
[07-Jun-2025 14:10:00 Asia/Manila] Redis extension is not loaded
[07-Jun-2025 14:10:08 Asia/Manila] Redis extension is not loaded
[07-Jun-2025 14:10:41 Asia/Manila] Redis extension is not loaded
[07-Jun-2025 14:10:42 Asia/Manila] Redis extension is not loaded
[07-Jun-2025 14:10:42 Asia/Manila] Redis extension is not loaded
[07-Jun-2025 14:10:42 Asia/Manila] Medical records error: SQLSTATE[42000]: Syntax error or access violation: 1064 You have an error in your SQL syntax; check the manual that corresponds to your MariaDB server version for the right syntax to use near 'FROM meducalrecords m
                JOIN patient p ON p.PatientID = m.Pati...' at line 12
[07-Jun-2025 14:10:43 Asia/Manila] Redis extension is not loaded
[07-Jun-2025 14:10:44 Asia/Manila] Redis extension is not loaded
[07-Jun-2025 14:10:45 Asia/Manila] Redis extension is not loaded
[07-Jun-2025 14:10:47 Asia/Manila] Redis extension is not loaded
[07-Jun-2025 14:10:47 Asia/Manila] Redis extension is not loaded
[07-Jun-2025 14:10:47 Asia/Manila] Redis extension is not loaded
[07-Jun-2025 14:10:47 Asia/Manila] Medical records error: SQLSTATE[42000]: Syntax error or access violation: 1064 You have an error in your SQL syntax; check the manual that corresponds to your MariaDB server version for the right syntax to use near 'FROM meducalrecords m
                JOIN patient p ON p.PatientID = m.Pati...' at line 12
[07-Jun-2025 14:10:47 Asia/Manila] Redis extension is not loaded
[07-Jun-2025 14:10:48 Asia/Manila] Redis extension is not loaded
[07-Jun-2025 14:10:49 Asia/Manila] Redis extension is not loaded
[07-Jun-2025 14:10:51 Asia/Manila] Redis extension is not loaded
[07-Jun-2025 14:10:51 Asia/Manila] Redis extension is not loaded
[07-Jun-2025 14:10:51 Asia/Manila] Redis extension is not loaded
[07-Jun-2025 14:10:51 Asia/Manila] Medical records error: SQLSTATE[42000]: Syntax error or access violation: 1064 You have an error in your SQL syntax; check the manual that corresponds to your MariaDB server version for the right syntax to use near 'FROM meducalrecords m
                JOIN patient p ON p.PatientID = m.Pati...' at line 12
[07-Jun-2025 14:11:11 Asia/Manila] Redis extension is not loaded
[07-Jun-2025 14:11:16 Asia/Manila] Redis extension is not loaded
[07-Jun-2025 14:11:17 Asia/Manila] Redis extension is not loaded
[07-Jun-2025 14:11:18 Asia/Manila] Redis extension is not loaded
[07-Jun-2025 14:11:19 Asia/Manila] Redis extension is not loaded
[07-Jun-2025 14:11:19 Asia/Manila] Redis extension is not loaded
[07-Jun-2025 14:11:19 Asia/Manila] Redis extension is not loaded
[07-Jun-2025 14:11:19 Asia/Manila] Medical records error: SQLSTATE[42000]: Syntax error or access violation: 1064 You have an error in your SQL syntax; check the manual that corresponds to your MariaDB server version for the right syntax to use near 'FROM meducalrecords m
                JOIN patient p ON p.PatientID = m.Pati...' at line 12
[07-Jun-2025 14:11:20 Asia/Manila] Redis extension is not loaded
[07-Jun-2025 14:11:21 Asia/Manila] Redis extension is not loaded
[07-Jun-2025 14:15:17 Asia/Manila] Redis extension is not loaded
[07-Jun-2025 14:15:22 Asia/Manila] Redis extension is not loaded
[07-Jun-2025 14:15:22 Asia/Manila] Redis extension is not loaded
[07-Jun-2025 14:15:23 Asia/Manila] Redis extension is not loaded
[07-Jun-2025 14:15:24 Asia/Manila] Redis extension is not loaded
[07-Jun-2025 14:15:25 Asia/Manila] Redis extension is not loaded
[07-Jun-2025 14:15:26 Asia/Manila] Redis extension is not loaded
[07-Jun-2025 14:15:27 Asia/Manila] Redis extension is not loaded
[07-Jun-2025 14:15:28 Asia/Manila] Redis extension is not loaded
[07-Jun-2025 14:15:43 Asia/Manila] Redis extension is not loaded
[07-Jun-2025 14:15:44 Asia/Manila] Redis extension is not loaded
[07-Jun-2025 14:15:46 Asia/Manila] Redis extension is not loaded
[07-Jun-2025 14:15:48 Asia/Manila] Redis extension is not loaded
[07-Jun-2025 14:15:50 Asia/Manila] Redis extension is not loaded
[07-Jun-2025 14:15:53 Asia/Manila] Redis extension is not loaded
[07-Jun-2025 14:15:54 Asia/Manila] Redis extension is not loaded
[07-Jun-2025 14:15:56 Asia/Manila] Redis extension is not loaded
[07-Jun-2025 14:19:28 Asia/Manila] Redis extension is not loaded
[07-Jun-2025 14:20:01 Asia/Manila] Redis extension is not loaded
[07-Jun-2025 14:20:02 Asia/Manila] Redis extension is not loaded
[07-Jun-2025 14:25:13 Asia/Manila] Redis extension is not loaded
[07-Jun-2025 14:25:16 Asia/Manila] Redis extension is not loaded
[07-Jun-2025 14:25:16 Asia/Manila] 2
[07-Jun-2025 14:25:18 Asia/Manila] Redis extension is not loaded
[07-Jun-2025 14:25:20 Asia/Manila] Redis extension is not loaded
[07-Jun-2025 14:25:35 Asia/Manila] Redis extension is not loaded
[07-Jun-2025 14:25:35 Asia/Manila] 2
[07-Jun-2025 14:25:36 Asia/Manila] Redis extension is not loaded
[07-Jun-2025 14:25:39 Asia/Manila] Redis extension is not loaded
[07-Jun-2025 14:25:40 Asia/Manila] Redis extension is not loaded
[07-Jun-2025 14:25:40 Asia/Manila] Redis extension is not loaded
[07-Jun-2025 14:27:35 Asia/Manila] Redis extension is not loaded
[07-Jun-2025 14:27:35 Asia/Manila] Redis extension is not loaded
[07-Jun-2025 14:29:52 Asia/Manila] Redis extension is not loaded
[07-Jun-2025 14:29:53 Asia/Manila] Redis extension is not loaded
[07-Jun-2025 14:31:07 Asia/Manila] Redis extension is not loaded
[07-Jun-2025 14:31:08 Asia/Manila] Redis extension is not loaded
[07-Jun-2025 14:31:09 Asia/Manila] Redis extension is not loaded
[07-Jun-2025 14:31:13 Asia/Manila] Redis extension is not loaded
[07-Jun-2025 14:31:15 Asia/Manila] Redis extension is not loaded
[07-Jun-2025 14:31:37 Asia/Manila] Redis extension is not loaded
[07-Jun-2025 14:31:37 Asia/Manila] Redis extension is not loaded
[07-Jun-2025 14:31:37 Asia/Manila] Redis extension is not loaded
[07-Jun-2025 14:32:41 Asia/Manila] Redis extension is not loaded
[07-Jun-2025 14:32:41 Asia/Manila] Redis extension is not loaded
[07-Jun-2025 14:32:43 Asia/Manila] Redis extension is not loaded
[07-Jun-2025 14:32:44 Asia/Manila] Redis extension is not loaded
[07-Jun-2025 14:32:44 Asia/Manila] Redis extension is not loaded
[07-Jun-2025 14:32:44 Asia/Manila] Medical records error: SQLSTATE[42000]: Syntax error or access violation: 1064 You have an error in your SQL syntax; check the manual that corresponds to your MariaDB server version for the right syntax to use near 'FROM meducalrecords m
                JOIN patient p ON p.PatientID = m.Pati...' at line 12
[07-Jun-2025 14:32:45 Asia/Manila] Redis extension is not loaded
[07-Jun-2025 14:32:45 Asia/Manila] Redis extension is not loaded
[07-Jun-2025 14:32:48 Asia/Manila] Redis extension is not loaded
[07-Jun-2025 14:37:08 Asia/Manila] Redis extension is not loaded
[07-Jun-2025 14:38:02 Asia/Manila] Redis extension is not loaded
[07-Jun-2025 14:38:03 Asia/Manila] Redis extension is not loaded
[07-Jun-2025 14:38:03 Asia/Manila] Redis extension is not loaded
[07-Jun-2025 14:38:04 Asia/Manila] Redis extension is not loaded
[07-Jun-2025 14:38:12 Asia/Manila] Redis extension is not loaded
[07-Jun-2025 14:38:13 Asia/Manila] Redis extension is not loaded
[07-Jun-2025 14:38:13 Asia/Manila] Redis extension is not loaded
[07-Jun-2025 14:39:37 Asia/Manila] Redis extension is not loaded
[07-Jun-2025 14:39:39 Asia/Manila] Redis extension is not loaded
[07-Jun-2025 14:39:50 Asia/Manila] Redis extension is not loaded
[07-Jun-2025 14:40:14 Asia/Manila] Redis extension is not loaded
[07-Jun-2025 14:40:28 Asia/Manila] Redis extension is not loaded
[07-Jun-2025 14:41:57 Asia/Manila] Redis extension is not loaded
[07-Jun-2025 14:41:58 Asia/Manila] Redis extension is not loaded
[07-Jun-2025 14:42:00 Asia/Manila] Redis extension is not loaded
[07-Jun-2025 14:42:19 Asia/Manila] Redis extension is not loaded
[07-Jun-2025 14:42:53 Asia/Manila] Redis extension is not loaded
[07-Jun-2025 14:42:53 Asia/Manila] Redis extension is not loaded
[07-Jun-2025 14:42:53 Asia/Manila] Redis extension is not loaded
[07-Jun-2025 14:42:54 Asia/Manila] Redis extension is not loaded
[07-Jun-2025 14:48:34 Asia/Manila] Redis extension is not loaded
[07-Jun-2025 14:48:35 Asia/Manila] Redis extension is not loaded
[07-Jun-2025 14:48:36 Asia/Manila] Redis extension is not loaded
[07-Jun-2025 14:48:36 Asia/Manila] Redis extension is not loaded
[07-Jun-2025 14:48:36 Asia/Manila] Redis extension is not loaded
[07-Jun-2025 14:48:36 Asia/Manila] Redis extension is not loaded
[07-Jun-2025 14:48:37 Asia/Manila] Redis extension is not loaded
[07-Jun-2025 14:48:37 Asia/Manila] Redis extension is not loaded
[07-Jun-2025 14:48:37 Asia/Manila] Redis extension is not loaded
[07-Jun-2025 14:48:37 Asia/Manila] Redis extension is not loaded
[07-Jun-2025 14:48:37 Asia/Manila] Redis extension is not loaded
[07-Jun-2025 14:48:37 Asia/Manila] Redis extension is not loaded
[07-Jun-2025 14:48:38 Asia/Manila] Redis extension is not loaded
[07-Jun-2025 14:48:56 Asia/Manila] Redis extension is not loaded
[07-Jun-2025 14:48:56 Asia/Manila] Redis extension is not loaded
[07-Jun-2025 14:48:56 Asia/Manila] Redis extension is not loaded
[07-Jun-2025 14:48:56 Asia/Manila] Redis extension is not loaded
[07-Jun-2025 14:48:56 Asia/Manila] Redis extension is not loaded
[07-Jun-2025 14:49:19 Asia/Manila] Redis extension is not loaded
[07-Jun-2025 14:49:20 Asia/Manila] Redis extension is not loaded
[07-Jun-2025 14:49:20 Asia/Manila] Redis extension is not loaded
[07-Jun-2025 14:52:09 Asia/Manila] Redis extension is not loaded
[07-Jun-2025 14:52:49 Asia/Manila] Redis extension is not loaded
[07-Jun-2025 14:52:49 Asia/Manila] Redis extension is not loaded
[07-Jun-2025 14:52:54 Asia/Manila] Redis extension is not loaded
[07-Jun-2025 14:52:57 Asia/Manila] Redis extension is not loaded
[07-Jun-2025 14:53:00 Asia/Manila] Redis extension is not loaded
[07-Jun-2025 14:53:01 Asia/Manila] Redis extension is not loaded
[07-Jun-2025 14:53:11 Asia/Manila] Redis extension is not loaded
[07-Jun-2025 14:53:13 Asia/Manila] Redis extension is not loaded
[07-Jun-2025 14:53:13 Asia/Manila] Redis extension is not loaded
[07-Jun-2025 14:53:14 Asia/Manila] Redis extension is not loaded
[07-Jun-2025 14:53:14 Asia/Manila] Redis extension is not loaded
[07-Jun-2025 14:53:15 Asia/Manila] Redis extension is not loaded
[07-Jun-2025 14:53:15 Asia/Manila] Redis extension is not loaded
[07-Jun-2025 14:53:15 Asia/Manila] Redis extension is not loaded
[07-Jun-2025 14:53:17 Asia/Manila] Redis extension is not loaded
[07-Jun-2025 14:53:55 Asia/Manila] Redis extension is not loaded
[07-Jun-2025 14:54:12 Asia/Manila] Redis extension is not loaded
[07-Jun-2025 14:54:13 Asia/Manila] Redis extension is not loaded
[07-Jun-2025 14:54:16 Asia/Manila] Redis extension is not loaded
[07-Jun-2025 14:54:47 Asia/Manila] Redis extension is not loaded
[07-Jun-2025 14:55:28 Asia/Manila] Redis extension is not loaded
[07-Jun-2025 14:55:36 Asia/Manila] Redis extension is not loaded
[07-Jun-2025 14:55:36 Asia/Manila] Redis extension is not loaded
[07-Jun-2025 14:55:49 Asia/Manila] Redis extension is not loaded
[07-Jun-2025 14:56:28 Asia/Manila] Redis extension is not loaded
[07-Jun-2025 14:56:31 Asia/Manila] Redis extension is not loaded
[07-Jun-2025 14:57:47 Asia/Manila] Redis extension is not loaded
[07-Jun-2025 14:57:48 Asia/Manila] Redis extension is not loaded
[07-Jun-2025 14:58:03 Asia/Manila] Redis extension is not loaded
[07-Jun-2025 14:58:04 Asia/Manila] Redis extension is not loaded
[07-Jun-2025 14:58:05 Asia/Manila] Redis extension is not loaded
[07-Jun-2025 14:58:06 Asia/Manila] Redis extension is not loaded
[07-Jun-2025 15:06:58 Asia/Manila] Redis extension is not loaded
[07-Jun-2025 15:06:58 Asia/Manila] Redis extension is not loaded
[07-Jun-2025 15:07:13 Asia/Manila] Redis extension is not loaded
[07-Jun-2025 15:07:21 Asia/Manila] Redis extension is not loaded
[07-Jun-2025 15:07:21 Asia/Manila] Redis extension is not loaded
[07-Jun-2025 15:07:26 Asia/Manila] Redis extension is not loaded
[07-Jun-2025 15:07:27 Asia/Manila] Redis extension is not loaded
[07-Jun-2025 15:07:28 Asia/Manila] Redis extension is not loaded
[07-Jun-2025 15:07:30 Asia/Manila] Redis extension is not loaded
[07-Jun-2025 15:08:15 Asia/Manila] Redis extension is not loaded
[07-Jun-2025 15:08:21 Asia/Manila] Redis extension is not loaded
[07-Jun-2025 15:08:29 Asia/Manila] Redis extension is not loaded
[07-Jun-2025 15:08:31 Asia/Manila] Redis extension is not loaded
[07-Jun-2025 15:08:31 Asia/Manila] Redis extension is not loaded
[07-Jun-2025 15:08:39 Asia/Manila] Redis extension is not loaded
[07-Jun-2025 15:08:39 Asia/Manila] Redis extension is not loaded
[07-Jun-2025 15:08:39 Asia/Manila] Redis extension is not loaded
[07-Jun-2025 15:08:39 Asia/Manila] Medical records error: SQLSTATE[42000]: Syntax error or access violation: 1064 You have an error in your SQL syntax; check the manual that corresponds to your MariaDB server version for the right syntax to use near 'FROM meducalrecords m
                JOIN patient p ON p.PatientID = m.Pati...' at line 12
[07-Jun-2025 15:08:40 Asia/Manila] Redis extension is not loaded
[07-Jun-2025 15:08:40 Asia/Manila] Redis extension is not loaded
[07-Jun-2025 15:08:41 Asia/Manila] Redis extension is not loaded
[07-Jun-2025 15:08:41 Asia/Manila] Redis extension is not loaded
[07-Jun-2025 15:08:41 Asia/Manila] Redis extension is not loaded
[07-Jun-2025 15:08:41 Asia/Manila] Medical records error: SQLSTATE[42000]: Syntax error or access violation: 1064 You have an error in your SQL syntax; check the manual that corresponds to your MariaDB server version for the right syntax to use near 'FROM meducalrecords m
                JOIN patient p ON p.PatientID = m.Pati...' at line 12
[07-Jun-2025 15:08:42 Asia/Manila] Redis extension is not loaded
[07-Jun-2025 15:08:42 Asia/Manila] Redis extension is not loaded
[07-Jun-2025 15:08:43 Asia/Manila] Redis extension is not loaded
[07-Jun-2025 15:08:43 Asia/Manila] Redis extension is not loaded
[07-Jun-2025 15:08:43 Asia/Manila] Redis extension is not loaded
[07-Jun-2025 15:08:44 Asia/Manila] Redis extension is not loaded
[07-Jun-2025 15:08:44 Asia/Manila] Redis extension is not loaded
[07-Jun-2025 15:08:44 Asia/Manila] Redis extension is not loaded
[07-Jun-2025 15:08:44 Asia/Manila] Medical records error: SQLSTATE[42000]: Syntax error or access violation: 1064 You have an error in your SQL syntax; check the manual that corresponds to your MariaDB server version for the right syntax to use near 'FROM meducalrecords m
                JOIN patient p ON p.PatientID = m.Pati...' at line 12
[07-Jun-2025 15:08:53 Asia/Manila] Redis extension is not loaded
[07-Jun-2025 15:08:54 Asia/Manila] Redis extension is not loaded
[07-Jun-2025 15:12:29 Asia/Manila] Redis extension is not loaded
[07-Jun-2025 15:12:29 Asia/Manila] Redis extension is not loaded
[07-Jun-2025 15:12:30 Asia/Manila] Redis extension is not loaded
[07-Jun-2025 15:12:30 Asia/Manila] Redis extension is not loaded
[07-Jun-2025 15:12:31 Asia/Manila] Redis extension is not loaded
[07-Jun-2025 15:12:31 Asia/Manila] Redis extension is not loaded
[07-Jun-2025 15:12:31 Asia/Manila] Redis extension is not loaded
[07-Jun-2025 15:12:31 Asia/Manila] Redis extension is not loaded
[07-Jun-2025 15:12:32 Asia/Manila] Redis extension is not loaded
[07-Jun-2025 15:12:32 Asia/Manila] Redis extension is not loaded
[07-Jun-2025 15:12:32 Asia/Manila] Redis extension is not loaded
[07-Jun-2025 15:12:32 Asia/Manila] Redis extension is not loaded
[07-Jun-2025 15:12:33 Asia/Manila] Redis extension is not loaded
[07-Jun-2025 15:12:33 Asia/Manila] Redis extension is not loaded
[07-Jun-2025 15:12:37 Asia/Manila] Redis extension is not loaded
[07-Jun-2025 15:12:40 Asia/Manila] Redis extension is not loaded
[07-Jun-2025 15:12:44 Asia/Manila] Redis extension is not loaded
[07-Jun-2025 15:12:47 Asia/Manila] Redis extension is not loaded
[07-Jun-2025 15:12:55 Asia/Manila] Redis extension is not loaded
[07-Jun-2025 15:13:00 Asia/Manila] Redis extension is not loaded
[07-Jun-2025 15:13:00 Asia/Manila] Redis extension is not loaded
[07-Jun-2025 15:13:10 Asia/Manila] Redis extension is not loaded
[07-Jun-2025 15:13:13 Asia/Manila] Redis extension is not loaded
[07-Jun-2025 15:13:13 Asia/Manila] Redis extension is not loaded
[07-Jun-2025 15:13:23 Asia/Manila] Redis extension is not loaded
[07-Jun-2025 15:13:25 Asia/Manila] Redis extension is not loaded
[07-Jun-2025 15:13:25 Asia/Manila] Redis extension is not loaded
[07-Jun-2025 15:18:34 Asia/Manila] Redis extension is not loaded
[07-Jun-2025 15:18:34 Asia/Manila] Redis extension is not loaded
[07-Jun-2025 15:18:35 Asia/Manila] Redis extension is not loaded
[07-Jun-2025 15:18:35 Asia/Manila] Redis extension is not loaded
[07-Jun-2025 15:18:36 Asia/Manila] Redis extension is not loaded
[07-Jun-2025 15:18:36 Asia/Manila] Redis extension is not loaded
[07-Jun-2025 15:18:36 Asia/Manila] Redis extension is not loaded
[07-Jun-2025 15:18:36 Asia/Manila] Redis extension is not loaded
[07-Jun-2025 15:18:37 Asia/Manila] Redis extension is not loaded
[07-Jun-2025 15:18:37 Asia/Manila] Redis extension is not loaded
[07-Jun-2025 15:18:37 Asia/Manila] Redis extension is not loaded
[07-Jun-2025 15:18:37 Asia/Manila] Redis extension is not loaded
[07-Jun-2025 15:18:37 Asia/Manila] Redis extension is not loaded
[07-Jun-2025 15:18:37 Asia/Manila] Redis extension is not loaded
[07-Jun-2025 15:18:38 Asia/Manila] Redis extension is not loaded
[07-Jun-2025 15:18:38 Asia/Manila] Redis extension is not loaded
[07-Jun-2025 15:18:38 Asia/Manila] Redis extension is not loaded
[07-Jun-2025 15:18:38 Asia/Manila] Redis extension is not loaded
[07-Jun-2025 15:18:38 Asia/Manila] Redis extension is not loaded
[07-Jun-2025 15:18:38 Asia/Manila] Redis extension is not loaded
[07-Jun-2025 15:18:39 Asia/Manila] Redis extension is not loaded
[07-Jun-2025 15:18:39 Asia/Manila] Redis extension is not loaded
[07-Jun-2025 15:21:36 Asia/Manila] Redis extension is not loaded
[07-Jun-2025 15:21:36 Asia/Manila] Redis extension is not loaded
[07-Jun-2025 15:21:37 Asia/Manila] Redis extension is not loaded
[07-Jun-2025 15:21:37 Asia/Manila] Redis extension is not loaded
[07-Jun-2025 15:22:23 Asia/Manila] Redis extension is not loaded
[07-Jun-2025 15:22:25 Asia/Manila] Redis extension is not loaded
[07-Jun-2025 15:22:25 Asia/Manila] Redis extension is not loaded
[07-Jun-2025 15:22:31 Asia/Manila] Redis extension is not loaded
[07-Jun-2025 15:22:36 Asia/Manila] Redis extension is not loaded
[07-Jun-2025 15:22:38 Asia/Manila] Redis extension is not loaded
[07-Jun-2025 15:22:41 Asia/Manila] Redis extension is not loaded
[07-Jun-2025 15:22:43 Asia/Manila] Redis extension is not loaded
[07-Jun-2025 15:22:44 Asia/Manila] Redis extension is not loaded
[07-Jun-2025 15:22:45 Asia/Manila] Redis extension is not loaded
[07-Jun-2025 15:22:47 Asia/Manila] Redis extension is not loaded
[07-Jun-2025 15:24:51 Asia/Manila] Redis extension is not loaded
[07-Jun-2025 15:24:51 Asia/Manila] Redis extension is not loaded
[07-Jun-2025 15:24:52 Asia/Manila] Redis extension is not loaded
[07-Jun-2025 15:24:52 Asia/Manila] Redis extension is not loaded
[07-Jun-2025 15:24:56 Asia/Manila] Redis extension is not loaded
[07-Jun-2025 15:24:57 Asia/Manila] Redis extension is not loaded
[07-Jun-2025 15:25:40 Asia/Manila] Redis extension is not loaded
[07-Jun-2025 15:25:40 Asia/Manila] Redis extension is not loaded
[07-Jun-2025 15:25:44 Asia/Manila] Redis extension is not loaded
[07-Jun-2025 15:25:44 Asia/Manila] 2
[07-Jun-2025 15:25:45 Asia/Manila] Redis extension is not loaded
[07-Jun-2025 15:25:45 Asia/Manila] Redis extension is not loaded
[07-Jun-2025 15:25:50 Asia/Manila] Redis extension is not loaded
[07-Jun-2025 15:25:50 Asia/Manila] Redis extension is not loaded
[07-Jun-2025 15:31:32 Asia/Manila] Redis extension is not loaded
[07-Jun-2025 15:31:33 Asia/Manila] Redis extension is not loaded
[07-Jun-2025 15:32:23 Asia/Manila] Redis extension is not loaded
[07-Jun-2025 15:32:23 Asia/Manila] Redis extension is not loaded
[07-Jun-2025 15:32:24 Asia/Manila] Redis extension is not loaded
[07-Jun-2025 15:32:24 Asia/Manila] Redis extension is not loaded
[07-Jun-2025 15:32:26 Asia/Manila] Redis extension is not loaded
[07-Jun-2025 15:32:26 Asia/Manila] Redis extension is not loaded
[07-Jun-2025 15:32:26 Asia/Manila] Redis extension is not loaded
[07-Jun-2025 15:32:26 Asia/Manila] Medical records error: SQLSTATE[42000]: Syntax error or access violation: 1064 You have an error in your SQL syntax; check the manual that corresponds to your MariaDB server version for the right syntax to use near 'FROM meducalrecords m
                JOIN patient p ON p.PatientID = m.Pati...' at line 12
[07-Jun-2025 15:32:27 Asia/Manila] Redis extension is not loaded
[07-Jun-2025 15:32:28 Asia/Manila] Redis extension is not loaded
[07-Jun-2025 15:32:28 Asia/Manila] Redis extension is not loaded
[07-Jun-2025 15:32:28 Asia/Manila] Redis extension is not loaded
[07-Jun-2025 15:32:28 Asia/Manila] Medical records error: SQLSTATE[42000]: Syntax error or access violation: 1064 You have an error in your SQL syntax; check the manual that corresponds to your MariaDB server version for the right syntax to use near 'FROM meducalrecords m
                JOIN patient p ON p.PatientID = m.Pati...' at line 12
[07-Jun-2025 15:32:30 Asia/Manila] Redis extension is not loaded
[07-Jun-2025 15:32:30 Asia/Manila] Redis extension is not loaded
[07-Jun-2025 15:32:31 Asia/Manila] Redis extension is not loaded
[07-Jun-2025 15:32:31 Asia/Manila] Redis extension is not loaded
[07-Jun-2025 15:32:31 Asia/Manila] Redis extension is not loaded
[07-Jun-2025 15:32:31 Asia/Manila] Medical records error: SQLSTATE[42000]: Syntax error or access violation: 1064 You have an error in your SQL syntax; check the manual that corresponds to your MariaDB server version for the right syntax to use near 'FROM meducalrecords m
                JOIN patient p ON p.PatientID = m.Pati...' at line 12
[07-Jun-2025 15:32:44 Asia/Manila] Redis extension is not loaded
[07-Jun-2025 15:32:44 Asia/Manila] Redis extension is not loaded
[07-Jun-2025 20:43:50 Asia/Manila] Redis extension is not loaded
[07-Jun-2025 20:44:00 Asia/Manila] Redis extension is not loaded
[07-Jun-2025 20:44:01 Asia/Manila] Redis extension is not loaded
[07-Jun-2025 20:44:01 Asia/Manila] Redis extension is not loaded
[07-Jun-2025 20:44:02 Asia/Manila] Redis extension is not loaded
[07-Jun-2025 20:44:11 Asia/Manila] Redis extension is not loaded
[07-Jun-2025 20:44:11 Asia/Manila] Redis extension is not loaded
[07-Jun-2025 20:45:23 Asia/Manila] Redis extension is not loaded
[07-Jun-2025 20:45:26 Asia/Manila] Redis extension is not loaded
[07-Jun-2025 20:45:28 Asia/Manila] Redis extension is not loaded
[07-Jun-2025 20:45:29 Asia/Manila] Redis extension is not loaded
[07-Jun-2025 20:45:31 Asia/Manila] Redis extension is not loaded
[07-Jun-2025 21:10:19 Asia/Manila] Redis extension is not loaded
[07-Jun-2025 21:10:19 Asia/Manila] Redis extension is not loaded
[07-Jun-2025 21:10:19 Asia/Manila] Redis extension is not loaded
[07-Jun-2025 21:10:19 Asia/Manila] Medical records error: SQLSTATE[42000]: Syntax error or access violation: 1064 You have an error in your SQL syntax; check the manual that corresponds to your MariaDB server version for the right syntax to use near 'FROM meducalrecords m
                JOIN patient p ON p.PatientID = m.Pati...' at line 12
[07-Jun-2025 21:10:22 Asia/Manila] Redis extension is not loaded
[07-Jun-2025 21:10:22 Asia/Manila] Redis extension is not loaded
[07-Jun-2025 21:10:28 Asia/Manila] Redis extension is not loaded
[07-Jun-2025 21:10:34 Asia/Manila] Redis extension is not loaded
[07-Jun-2025 21:10:34 Asia/Manila] Redis extension is not loaded
[07-Jun-2025 21:10:36 Asia/Manila] Redis extension is not loaded
[07-Jun-2025 21:10:37 Asia/Manila] Redis extension is not loaded
[07-Jun-2025 21:10:37 Asia/Manila] Redis extension is not loaded
[07-Jun-2025 21:10:38 Asia/Manila] Redis extension is not loaded
[07-Jun-2025 21:10:39 Asia/Manila] Redis extension is not loaded
[07-Jun-2025 21:10:39 Asia/Manila] Redis extension is not loaded
[07-Jun-2025 21:10:41 Asia/Manila] Redis extension is not loaded
[07-Jun-2025 21:10:41 Asia/Manila] Redis extension is not loaded
[07-Jun-2025 21:10:41 Asia/Manila] Redis extension is not loaded
[07-Jun-2025 21:10:42 Asia/Manila] Redis extension is not loaded
[07-Jun-2025 21:10:43 Asia/Manila] Redis extension is not loaded
[07-Jun-2025 21:10:43 Asia/Manila] Redis extension is not loaded
[07-Jun-2025 21:10:44 Asia/Manila] Redis extension is not loaded
[07-Jun-2025 21:10:45 Asia/Manila] Redis extension is not loaded
[07-Jun-2025 21:10:45 Asia/Manila] Redis extension is not loaded
[07-Jun-2025 21:10:50 Asia/Manila] Redis extension is not loaded
[07-Jun-2025 21:10:55 Asia/Manila] Redis extension is not loaded
[07-Jun-2025 21:11:50 Asia/Manila] Redis extension is not loaded
[07-Jun-2025 21:11:51 Asia/Manila] Redis extension is not loaded
[07-Jun-2025 21:11:52 Asia/Manila] Redis extension is not loaded
[07-Jun-2025 21:12:10 Asia/Manila] Redis extension is not loaded
[07-Jun-2025 21:12:11 Asia/Manila] Redis extension is not loaded
[07-Jun-2025 21:14:33 Asia/Manila] Logout error: SQLSTATE[42S02]: Base table or view not found: 1146 Table 'akasi.login_logs' doesn't exist
[07-Jun-2025 21:14:33 Asia/Manila] 2
[07-Jun-2025 21:14:36 Asia/Manila] 2
[07-Jun-2025 21:14:36 Asia/Manila] Redis extension is not loaded
[07-Jun-2025 21:14:48 Asia/Manila] Redis extension is not loaded
[07-Jun-2025 21:14:48 Asia/Manila] Rate limiting disabled - Redis not available
[07-Jun-2025 21:14:50 Asia/Manila] Redis extension is not loaded
[07-Jun-2025 21:14:50 Asia/Manila] Rate limiting disabled - Redis not available
[07-Jun-2025 21:14:50 Asia/Manila] Error fetching canceled appointments: SQLSTATE[42000]: Syntax error or access violation: 1176 Key 'idx_patient_status_time' doesn't exist in table 'a'
[07-Jun-2025 21:14:52 Asia/Manila] Redis extension is not loaded
[07-Jun-2025 21:14:52 Asia/Manila] Rate limiting disabled - Redis not available
[07-Jun-2025 21:14:53 Asia/Manila] Redis extension is not loaded
[07-Jun-2025 21:14:53 Asia/Manila] Rate limiting disabled - Redis not available
[07-Jun-2025 21:14:53 Asia/Manila] Error fetching canceled appointments: SQLSTATE[42000]: Syntax error or access violation: 1176 Key 'idx_patient_status_time' doesn't exist in table 'a'
[07-Jun-2025 21:14:55 Asia/Manila] Redis extension is not loaded
[07-Jun-2025 21:14:55 Asia/Manila] Rate limiting disabled - Redis not available
[07-Jun-2025 21:15:06 Asia/Manila] Appointment Data - Date: 2025-06-17, Time: 12:30, Reason: asdasdasd
[07-Jun-2025 21:15:06 Asia/Manila] Combined DateTime: 2025-06-17 12:30:00
[07-Jun-2025 21:15:06 Asia/Manila] Inserting - PatientID: 1, DoctorID: 5, DateTime: 2025-06-17 12:30:00, Reason: asdasdasd
[07-Jun-2025 21:15:06 Asia/Manila] Redis extension is not loaded
[07-Jun-2025 21:15:06 Asia/Manila] Rate limiting disabled - Redis not available
[07-Jun-2025 21:15:06 Asia/Manila] Error fetching canceled appointments: SQLSTATE[42000]: Syntax error or access violation: 1176 Key 'idx_patient_status_time' doesn't exist in table 'a'
[07-Jun-2025 21:15:12 Asia/Manila] Redis extension is not loaded
[07-Jun-2025 21:15:12 Asia/Manila] Rate limiting disabled - Redis not available
[07-Jun-2025 21:15:14 Asia/Manila] Redis extension is not loaded
[07-Jun-2025 21:15:14 Asia/Manila] Rate limiting disabled - Redis not available
[07-Jun-2025 21:15:14 Asia/Manila] Error fetching canceled appointments: SQLSTATE[42000]: Syntax error or access violation: 1176 Key 'idx_patient_status_time' doesn't exist in table 'a'
[07-Jun-2025 21:15:17 Asia/Manila] Redis extension is not loaded
[07-Jun-2025 21:15:17 Asia/Manila] Rate limiting disabled - Redis not available
[07-Jun-2025 21:15:31 Asia/Manila] Redis extension is not loaded
[07-Jun-2025 21:15:31 Asia/Manila] Rate limiting disabled - Redis not available
[07-Jun-2025 21:15:37 Asia/Manila] Redis extension is not loaded
[07-Jun-2025 21:15:37 Asia/Manila] Rate limiting disabled - Redis not available
[07-Jun-2025 21:15:37 Asia/Manila] Error fetching canceled appointments: SQLSTATE[42000]: Syntax error or access violation: 1176 Key 'idx_patient_status_time' doesn't exist in table 'a'
[07-Jun-2025 21:15:39 Asia/Manila] Redis extension is not loaded
[07-Jun-2025 21:15:39 Asia/Manila] Rate limiting disabled - Redis not available
[07-Jun-2025 21:15:50 Asia/Manila] Appointment Data - Date: 2025-06-17, Time: 15:00, Reason: qwert
[07-Jun-2025 21:15:50 Asia/Manila] Combined DateTime: 2025-06-17 15:00:00
[07-Jun-2025 21:15:50 Asia/Manila] Inserting - PatientID: 1, DoctorID: 5, DateTime: 2025-06-17 15:00:00, Reason: qwert
[07-Jun-2025 21:15:50 Asia/Manila] Redis extension is not loaded
[07-Jun-2025 21:15:50 Asia/Manila] Rate limiting disabled - Redis not available
[07-Jun-2025 21:15:50 Asia/Manila] Error fetching canceled appointments: SQLSTATE[42000]: Syntax error or access violation: 1176 Key 'idx_patient_status_time' doesn't exist in table 'a'
[07-Jun-2025 21:16:05 Asia/Manila] Redis extension is not loaded
[07-Jun-2025 21:16:05 Asia/Manila] Rate limiting disabled - Redis not available
[07-Jun-2025 21:16:07 Asia/Manila] Logout error: SQLSTATE[42S02]: Base table or view not found: 1146 Table 'akasi.login_logs' doesn't exist
[07-Jun-2025 21:16:07 Asia/Manila] 2
[07-Jun-2025 21:16:09 Asia/Manila] 2
[07-Jun-2025 21:16:10 Asia/Manila] Redis extension is not loaded
[07-Jun-2025 21:16:17 Asia/Manila] Redis extension is not loaded
[07-Jun-2025 21:16:27 Asia/Manila] Redis extension is not loaded
[07-Jun-2025 21:16:27 Asia/Manila] Redis extension is not loaded
[07-Jun-2025 21:16:31 Asia/Manila] Redis extension is not loaded
[07-Jun-2025 21:23:07 Asia/Manila] Redis extension is not loaded
[07-Jun-2025 21:23:07 Asia/Manila] Redis extension is not loaded
[07-Jun-2025 21:23:08 Asia/Manila] Redis extension is not loaded
[07-Jun-2025 21:23:08 Asia/Manila] Redis extension is not loaded
[07-Jun-2025 21:23:08 Asia/Manila] Redis extension is not loaded
[07-Jun-2025 21:23:08 Asia/Manila] Redis extension is not loaded
[07-Jun-2025 21:23:08 Asia/Manila] Redis extension is not loaded
[07-Jun-2025 21:23:09 Asia/Manila] Redis extension is not loaded
[07-Jun-2025 21:23:14 Asia/Manila] Redis extension is not loaded
[07-Jun-2025 21:23:17 Asia/Manila] Redis extension is not loaded
[07-Jun-2025 21:23:18 Asia/Manila] Redis extension is not loaded
[07-Jun-2025 21:23:18 Asia/Manila] Redis extension is not loaded
[07-Jun-2025 21:23:20 Asia/Manila] Logout error: SQLSTATE[42S02]: Base table or view not found: 1146 Table 'akasi.login_logs' doesn't exist
[07-Jun-2025 21:23:20 Asia/Manila] 2
[07-Jun-2025 21:23:21 Asia/Manila] 2
[07-Jun-2025 21:23:22 Asia/Manila] Redis extension is not loaded
[07-Jun-2025 21:24:07 Asia/Manila] Redis extension is not loaded
[07-Jun-2025 21:24:10 Asia/Manila] Redis extension is not loaded
[07-Jun-2025 21:24:10 Asia/Manila] Redis extension is not loaded
[07-Jun-2025 21:25:42 Asia/Manila] Redis extension is not loaded
[07-Jun-2025 21:25:43 Asia/Manila] Redis extension is not loaded
[07-Jun-2025 21:25:44 Asia/Manila] Redis extension is not loaded
[07-Jun-2025 21:25:44 Asia/Manila] Redis extension is not loaded
[07-Jun-2025 21:27:07 Asia/Manila] Redis extension is not loaded
[07-Jun-2025 21:27:07 Asia/Manila] Redis extension is not loaded
[07-Jun-2025 21:27:07 Asia/Manila] Redis extension is not loaded
[07-Jun-2025 21:27:07 Asia/Manila] Redis extension is not loaded
[07-Jun-2025 21:27:07 Asia/Manila] Redis extension is not loaded
[07-Jun-2025 21:27:08 Asia/Manila] Redis extension is not loaded
[07-Jun-2025 21:27:08 Asia/Manila] Redis extension is not loaded
[07-Jun-2025 21:27:08 Asia/Manila] Redis extension is not loaded
[07-Jun-2025 21:27:10 Asia/Manila] Redis extension is not loaded
[07-Jun-2025 21:27:11 Asia/Manila] Redis extension is not loaded
[07-Jun-2025 21:28:52 Asia/Manila] Redis extension is not loaded
[07-Jun-2025 21:28:52 Asia/Manila] Redis extension is not loaded
[07-Jun-2025 21:28:53 Asia/Manila] Redis extension is not loaded
[07-Jun-2025 21:28:53 Asia/Manila] Redis extension is not loaded
[07-Jun-2025 21:29:10 Asia/Manila] Redis extension is not loaded
[07-Jun-2025 21:29:11 Asia/Manila] Redis extension is not loaded
[07-Jun-2025 21:29:35 Asia/Manila] Logout error: SQLSTATE[42S02]: Base table or view not found: 1146 Table 'akasi.login_logs' doesn't exist
[07-Jun-2025 21:29:35 Asia/Manila] 2
[07-Jun-2025 21:29:36 Asia/Manila] 2
[07-Jun-2025 21:29:37 Asia/Manila] Redis extension is not loaded
[07-Jun-2025 21:29:41 Asia/Manila] Redis extension is not loaded
[07-Jun-2025 21:29:45 Asia/Manila] Redis extension is not loaded
[07-Jun-2025 21:30:09 Asia/Manila] Redis extension is not loaded
[07-Jun-2025 21:30:10 Asia/Manila] Redis extension is not loaded
[07-Jun-2025 21:30:10 Asia/Manila] Redis extension is not loaded
[07-Jun-2025 21:30:25 Asia/Manila] Redis extension is not loaded
[07-Jun-2025 21:30:25 Asia/Manila] Redis extension is not loaded
[07-Jun-2025 21:30:25 Asia/Manila] Redis extension is not loaded
[07-Jun-2025 21:30:25 Asia/Manila] Redis extension is not loaded
[07-Jun-2025 21:30:26 Asia/Manila] Redis extension is not loaded
[07-Jun-2025 21:30:51 Asia/Manila] Redis extension is not loaded
[07-Jun-2025 21:30:52 Asia/Manila] Redis extension is not loaded
[07-Jun-2025 21:30:52 Asia/Manila] Redis extension is not loaded
[07-Jun-2025 21:30:53 Asia/Manila] Redis extension is not loaded
[07-Jun-2025 21:30:53 Asia/Manila] Redis extension is not loaded
[07-Jun-2025 21:30:53 Asia/Manila] Redis extension is not loaded
[07-Jun-2025 21:31:59 Asia/Manila] Redis extension is not loaded
[07-Jun-2025 21:32:00 Asia/Manila] Redis extension is not loaded
[07-Jun-2025 21:32:00 Asia/Manila] Redis extension is not loaded
[07-Jun-2025 21:35:37 Asia/Manila] Redis extension is not loaded
[07-Jun-2025 21:35:37 Asia/Manila] Redis extension is not loaded
[07-Jun-2025 21:35:38 Asia/Manila] Redis extension is not loaded
[07-Jun-2025 21:35:38 Asia/Manila] Redis extension is not loaded
[07-Jun-2025 21:42:56 Asia/Manila] Redis extension is not loaded
[07-Jun-2025 21:42:57 Asia/Manila] Redis extension is not loaded
[07-Jun-2025 21:42:57 Asia/Manila] Redis extension is not loaded
[07-Jun-2025 21:42:57 Asia/Manila] Redis extension is not loaded
[07-Jun-2025 21:48:48 Asia/Manila] Redis extension is not loaded
[07-Jun-2025 21:48:49 Asia/Manila] Redis extension is not loaded
[07-Jun-2025 21:50:44 Asia/Manila] Redis extension is not loaded
[07-Jun-2025 21:50:44 Asia/Manila] Redis extension is not loaded
[07-Jun-2025 21:50:45 Asia/Manila] Redis extension is not loaded
[07-Jun-2025 21:50:45 Asia/Manila] Redis extension is not loaded
[07-Jun-2025 21:50:59 Asia/Manila] Redis extension is not loaded
[07-Jun-2025 21:50:59 Asia/Manila] Redis extension is not loaded
[07-Jun-2025 21:51:00 Asia/Manila] Redis extension is not loaded
[07-Jun-2025 21:51:00 Asia/Manila] Redis extension is not loaded
[07-Jun-2025 21:51:00 Asia/Manila] Redis extension is not loaded
[07-Jun-2025 21:51:00 Asia/Manila] Redis extension is not loaded
[07-Jun-2025 21:51:00 Asia/Manila] Redis extension is not loaded
[07-Jun-2025 21:51:00 Asia/Manila] Redis extension is not loaded
[07-Jun-2025 21:51:00 Asia/Manila] Redis extension is not loaded
[07-Jun-2025 21:51:00 Asia/Manila] Redis extension is not loaded
[07-Jun-2025 21:51:00 Asia/Manila] Redis extension is not loaded
[07-Jun-2025 21:51:01 Asia/Manila] Redis extension is not loaded
[07-Jun-2025 21:51:01 Asia/Manila] Redis extension is not loaded
[07-Jun-2025 21:51:01 Asia/Manila] Redis extension is not loaded
[07-Jun-2025 21:51:01 Asia/Manila] Redis extension is not loaded
[07-Jun-2025 21:51:01 Asia/Manila] Redis extension is not loaded
[07-Jun-2025 21:51:01 Asia/Manila] Redis extension is not loaded
[07-Jun-2025 21:51:01 Asia/Manila] Redis extension is not loaded
[07-Jun-2025 21:51:01 Asia/Manila] Redis extension is not loaded
[07-Jun-2025 21:51:01 Asia/Manila] Redis extension is not loaded
[07-Jun-2025 21:59:53 Asia/Manila] Redis extension is not loaded
[07-Jun-2025 21:59:54 Asia/Manila] Redis extension is not loaded
[07-Jun-2025 21:59:55 Asia/Manila] Error in get_appointment_details.php: Appointment not found
[07-Jun-2025 21:59:56 Asia/Manila] Error in get_appointment_details.php: Appointment not found
[08-Jun-2025 02:58:59 Asia/Manila] Redis extension is not loaded
[08-Jun-2025 02:59:06 Asia/Manila] Redis extension is not loaded
[08-Jun-2025 02:59:08 Asia/Manila] Redis extension is not loaded
[08-Jun-2025 02:59:08 Asia/Manila] Redis extension is not loaded
[08-Jun-2025 02:59:09 Asia/Manila] Redis extension is not loaded
[08-Jun-2025 02:59:11 Asia/Manila] Redis extension is not loaded
[08-Jun-2025 02:59:11 Asia/Manila] Redis extension is not loaded
[08-Jun-2025 02:59:14 Asia/Manila] Error in get_appointment_details.php: Appointment not found
[08-Jun-2025 03:08:45 Asia/Manila] Redis extension is not loaded
[08-Jun-2025 03:08:46 Asia/Manila] Redis extension is not loaded
[08-Jun-2025 03:08:47 Asia/Manila] Error in get_appointment_details.php: Appointment not found
[08-Jun-2025 03:08:48 Asia/Manila] Error in get_appointment_details.php: Appointment not found
[08-Jun-2025 03:08:49 Asia/Manila] Error in get_appointment_details.php: Appointment not found
[08-Jun-2025 03:08:51 Asia/Manila] Redis extension is not loaded
[08-Jun-2025 03:08:51 Asia/Manila] Redis extension is not loaded
[08-Jun-2025 03:08:51 Asia/Manila] Redis extension is not loaded
[08-Jun-2025 03:08:51 Asia/Manila] Medical records error: SQLSTATE[42000]: Syntax error or access violation: 1064 You have an error in your SQL syntax; check the manual that corresponds to your MariaDB server version for the right syntax to use near 'FROM meducalrecords m
                JOIN patient p ON p.PatientID = m.Pati...' at line 12
[08-Jun-2025 03:08:52 Asia/Manila] Redis extension is not loaded
[08-Jun-2025 03:08:52 Asia/Manila] Redis extension is not loaded
[08-Jun-2025 03:09:00 Asia/Manila] Redis extension is not loaded
[08-Jun-2025 03:09:04 Asia/Manila] Redis extension is not loaded
[08-Jun-2025 03:09:04 Asia/Manila] Redis extension is not loaded
[08-Jun-2025 03:09:09 Asia/Manila] Redis extension is not loaded
[08-Jun-2025 03:09:09 Asia/Manila] Redis extension is not loaded
[08-Jun-2025 03:09:09 Asia/Manila] Redis extension is not loaded
[08-Jun-2025 03:09:09 Asia/Manila] Medical records error: SQLSTATE[42000]: Syntax error or access violation: 1064 You have an error in your SQL syntax; check the manual that corresponds to your MariaDB server version for the right syntax to use near 'FROM meducalrecords m
                JOIN patient p ON p.PatientID = m.Pati...' at line 12
[08-Jun-2025 03:11:56 Asia/Manila] Redis extension is not loaded
[08-Jun-2025 03:11:57 Asia/Manila] Redis extension is not loaded
[08-Jun-2025 03:11:58 Asia/Manila] Redis extension is not loaded
[08-Jun-2025 03:24:11 Asia/Manila] Redis extension is not loaded
[08-Jun-2025 03:24:59 Asia/Manila] Redis extension is not loaded
[08-Jun-2025 03:25:00 Asia/Manila] Redis extension is not loaded
[08-Jun-2025 03:39:34 Asia/Manila] Redis extension is not loaded
[08-Jun-2025 03:39:34 Asia/Manila] PHP Fatal error:  Uncaught PDOException: SQLSTATE[42S22]: Column not found: 1054 Unknown column 'm.AppointmentID' in 'on clause' in C:\xampp\htdocs\doctor appoint\user\one\doctor_medical.php:154
Stack trace:
#0 C:\xampp\htdocs\doctor appoint\user\one\doctor_medical.php(154): PDO->prepare('\r\n        SELEC...')
#1 C:\xampp\htdocs\doctor appoint\user\one\doctor_medical.php(175): getCompletedAppointments(Object(PDO), 5)
#2 {main}
  thrown in C:\xampp\htdocs\doctor appoint\user\one\doctor_medical.php on line 154
[08-Jun-2025 03:39:35 Asia/Manila] Redis extension is not loaded
[08-Jun-2025 03:39:35 Asia/Manila] PHP Fatal error:  Uncaught PDOException: SQLSTATE[42S22]: Column not found: 1054 Unknown column 'm.AppointmentID' in 'on clause' in C:\xampp\htdocs\doctor appoint\user\one\doctor_medical.php:154
Stack trace:
#0 C:\xampp\htdocs\doctor appoint\user\one\doctor_medical.php(154): PDO->prepare('\r\n        SELEC...')
#1 C:\xampp\htdocs\doctor appoint\user\one\doctor_medical.php(175): getCompletedAppointments(Object(PDO), 5)
#2 {main}
  thrown in C:\xampp\htdocs\doctor appoint\user\one\doctor_medical.php on line 154
[08-Jun-2025 03:39:35 Asia/Manila] Redis extension is not loaded
[08-Jun-2025 03:39:35 Asia/Manila] PHP Fatal error:  Uncaught PDOException: SQLSTATE[42S22]: Column not found: 1054 Unknown column 'm.AppointmentID' in 'on clause' in C:\xampp\htdocs\doctor appoint\user\one\doctor_medical.php:154
Stack trace:
#0 C:\xampp\htdocs\doctor appoint\user\one\doctor_medical.php(154): PDO->prepare('\r\n        SELEC...')
#1 C:\xampp\htdocs\doctor appoint\user\one\doctor_medical.php(175): getCompletedAppointments(Object(PDO), 5)
#2 {main}
  thrown in C:\xampp\htdocs\doctor appoint\user\one\doctor_medical.php on line 154
[08-Jun-2025 03:39:35 Asia/Manila] Redis extension is not loaded
[08-Jun-2025 03:39:35 Asia/Manila] PHP Fatal error:  Uncaught PDOException: SQLSTATE[42S22]: Column not found: 1054 Unknown column 'm.AppointmentID' in 'on clause' in C:\xampp\htdocs\doctor appoint\user\one\doctor_medical.php:154
Stack trace:
#0 C:\xampp\htdocs\doctor appoint\user\one\doctor_medical.php(154): PDO->prepare('\r\n        SELEC...')
#1 C:\xampp\htdocs\doctor appoint\user\one\doctor_medical.php(175): getCompletedAppointments(Object(PDO), 5)
#2 {main}
  thrown in C:\xampp\htdocs\doctor appoint\user\one\doctor_medical.php on line 154
[08-Jun-2025 03:39:35 Asia/Manila] Redis extension is not loaded
[08-Jun-2025 03:39:35 Asia/Manila] PHP Fatal error:  Uncaught PDOException: SQLSTATE[42S22]: Column not found: 1054 Unknown column 'm.AppointmentID' in 'on clause' in C:\xampp\htdocs\doctor appoint\user\one\doctor_medical.php:154
Stack trace:
#0 C:\xampp\htdocs\doctor appoint\user\one\doctor_medical.php(154): PDO->prepare('\r\n        SELEC...')
#1 C:\xampp\htdocs\doctor appoint\user\one\doctor_medical.php(175): getCompletedAppointments(Object(PDO), 5)
#2 {main}
  thrown in C:\xampp\htdocs\doctor appoint\user\one\doctor_medical.php on line 154
[08-Jun-2025 03:39:37 Asia/Manila] Redis extension is not loaded
[08-Jun-2025 03:39:37 Asia/Manila] PHP Fatal error:  Uncaught PDOException: SQLSTATE[42S22]: Column not found: 1054 Unknown column 'm.AppointmentID' in 'on clause' in C:\xampp\htdocs\doctor appoint\user\one\doctor_medical.php:154
Stack trace:
#0 C:\xampp\htdocs\doctor appoint\user\one\doctor_medical.php(154): PDO->prepare('\r\n        SELEC...')
#1 C:\xampp\htdocs\doctor appoint\user\one\doctor_medical.php(175): getCompletedAppointments(Object(PDO), 5)
#2 {main}
  thrown in C:\xampp\htdocs\doctor appoint\user\one\doctor_medical.php on line 154
[08-Jun-2025 03:39:37 Asia/Manila] Redis extension is not loaded
[08-Jun-2025 03:39:37 Asia/Manila] PHP Fatal error:  Uncaught PDOException: SQLSTATE[42S22]: Column not found: 1054 Unknown column 'm.AppointmentID' in 'on clause' in C:\xampp\htdocs\doctor appoint\user\one\doctor_medical.php:154
Stack trace:
#0 C:\xampp\htdocs\doctor appoint\user\one\doctor_medical.php(154): PDO->prepare('\r\n        SELEC...')
#1 C:\xampp\htdocs\doctor appoint\user\one\doctor_medical.php(175): getCompletedAppointments(Object(PDO), 5)
#2 {main}
  thrown in C:\xampp\htdocs\doctor appoint\user\one\doctor_medical.php on line 154
[08-Jun-2025 03:39:39 Asia/Manila] Redis extension is not loaded
[08-Jun-2025 03:39:39 Asia/Manila] Redis extension is not loaded
[08-Jun-2025 03:39:41 Asia/Manila] Redis extension is not loaded
[08-Jun-2025 03:39:41 Asia/Manila] PHP Fatal error:  Uncaught PDOException: SQLSTATE[42S22]: Column not found: 1054 Unknown column 'm.AppointmentID' in 'on clause' in C:\xampp\htdocs\doctor appoint\user\one\doctor_medical.php:154
Stack trace:
#0 C:\xampp\htdocs\doctor appoint\user\one\doctor_medical.php(154): PDO->prepare('\r\n        SELEC...')
#1 C:\xampp\htdocs\doctor appoint\user\one\doctor_medical.php(175): getCompletedAppointments(Object(PDO), 5)
#2 {main}
  thrown in C:\xampp\htdocs\doctor appoint\user\one\doctor_medical.php on line 154
[08-Jun-2025 03:40:33 Asia/Manila] Redis extension is not loaded
[08-Jun-2025 03:40:51 Asia/Manila] Redis extension is not loaded
[08-Jun-2025 03:40:52 Asia/Manila] Redis extension is not loaded
[08-Jun-2025 03:41:03 Asia/Manila] Redis extension is not loaded
[08-Jun-2025 03:41:04 Asia/Manila] Redis extension is not loaded
[08-Jun-2025 03:41:12 Asia/Manila] Redis extension is not loaded
[08-Jun-2025 03:41:13 Asia/Manila] Redis extension is not loaded
[08-Jun-2025 03:41:32 Asia/Manila] Redis extension is not loaded
[08-Jun-2025 03:41:45 Asia/Manila] Redis extension is not loaded
[08-Jun-2025 03:41:46 Asia/Manila] Redis extension is not loaded
[08-Jun-2025 03:42:11 Asia/Manila] Redis extension is not loaded
[08-Jun-2025 03:42:12 Asia/Manila] Redis extension is not loaded
[08-Jun-2025 03:43:18 Asia/Manila] Redis extension is not loaded
[08-Jun-2025 03:43:19 Asia/Manila] Redis extension is not loaded
[08-Jun-2025 03:44:19 Asia/Manila] Redis extension is not loaded
[08-Jun-2025 03:44:20 Asia/Manila] Redis extension is not loaded
[08-Jun-2025 03:44:20 Asia/Manila] Redis extension is not loaded
[08-Jun-2025 03:44:20 Asia/Manila] Redis extension is not loaded
[08-Jun-2025 03:44:21 Asia/Manila] Redis extension is not loaded
[08-Jun-2025 03:44:55 Asia/Manila] Redis extension is not loaded
[08-Jun-2025 03:44:56 Asia/Manila] Redis extension is not loaded
[08-Jun-2025 03:44:56 Asia/Manila] Redis extension is not loaded
[08-Jun-2025 03:45:06 Asia/Manila] Redis extension is not loaded
[08-Jun-2025 03:45:07 Asia/Manila] Redis extension is not loaded
[08-Jun-2025 03:45:07 Asia/Manila] Redis extension is not loaded
[08-Jun-2025 03:45:07 Asia/Manila] Redis extension is not loaded
[08-Jun-2025 03:45:20 Asia/Manila] Redis extension is not loaded
[08-Jun-2025 03:45:21 Asia/Manila] Redis extension is not loaded
[08-Jun-2025 03:45:27 Asia/Manila] Redis extension is not loaded
[08-Jun-2025 03:45:28 Asia/Manila] Redis extension is not loaded
[08-Jun-2025 03:45:29 Asia/Manila] Redis extension is not loaded
[08-Jun-2025 03:45:39 Asia/Manila] Redis extension is not loaded
[08-Jun-2025 03:45:39 Asia/Manila] Redis extension is not loaded
[08-Jun-2025 03:45:57 Asia/Manila] Redis extension is not loaded
[08-Jun-2025 03:45:58 Asia/Manila] Redis extension is not loaded
[08-Jun-2025 04:03:50 Asia/Manila] Redis extension is not loaded
[08-Jun-2025 04:03:50 Asia/Manila] PHP Fatal error:  Uncaught PDOException: SQLSTATE[42S02]: Base table or view not found: 1146 Table 'akasi.medicalrecords' doesn't exist in C:\xampp\htdocs\doctor appoint\user\one\doctor_medical.php:125
Stack trace:
#0 C:\xampp\htdocs\doctor appoint\user\one\doctor_medical.php(125): PDO->prepare('\r\n        SELEC...')
#1 C:\xampp\htdocs\doctor appoint\user\one\doctor_medical.php(147): getCompletedAppointments(Object(PDO), 5)
#2 {main}
  thrown in C:\xampp\htdocs\doctor appoint\user\one\doctor_medical.php on line 125
[08-Jun-2025 04:03:50 Asia/Manila] Redis extension is not loaded
[08-Jun-2025 04:03:50 Asia/Manila] PHP Fatal error:  Uncaught PDOException: SQLSTATE[42S02]: Base table or view not found: 1146 Table 'akasi.medicalrecords' doesn't exist in C:\xampp\htdocs\doctor appoint\user\one\doctor_medical.php:125
Stack trace:
#0 C:\xampp\htdocs\doctor appoint\user\one\doctor_medical.php(125): PDO->prepare('\r\n        SELEC...')
#1 C:\xampp\htdocs\doctor appoint\user\one\doctor_medical.php(147): getCompletedAppointments(Object(PDO), 5)
#2 {main}
  thrown in C:\xampp\htdocs\doctor appoint\user\one\doctor_medical.php on line 125
[08-Jun-2025 04:03:51 Asia/Manila] Redis extension is not loaded
[08-Jun-2025 04:03:51 Asia/Manila] PHP Fatal error:  Uncaught PDOException: SQLSTATE[42S02]: Base table or view not found: 1146 Table 'akasi.medicalrecords' doesn't exist in C:\xampp\htdocs\doctor appoint\user\one\doctor_medical.php:125
Stack trace:
#0 C:\xampp\htdocs\doctor appoint\user\one\doctor_medical.php(125): PDO->prepare('\r\n        SELEC...')
#1 C:\xampp\htdocs\doctor appoint\user\one\doctor_medical.php(147): getCompletedAppointments(Object(PDO), 5)
#2 {main}
  thrown in C:\xampp\htdocs\doctor appoint\user\one\doctor_medical.php on line 125
[08-Jun-2025 04:03:51 Asia/Manila] Redis extension is not loaded
[08-Jun-2025 04:03:51 Asia/Manila] PHP Fatal error:  Uncaught PDOException: SQLSTATE[42S02]: Base table or view not found: 1146 Table 'akasi.medicalrecords' doesn't exist in C:\xampp\htdocs\doctor appoint\user\one\doctor_medical.php:125
Stack trace:
#0 C:\xampp\htdocs\doctor appoint\user\one\doctor_medical.php(125): PDO->prepare('\r\n        SELEC...')
#1 C:\xampp\htdocs\doctor appoint\user\one\doctor_medical.php(147): getCompletedAppointments(Object(PDO), 5)
#2 {main}
  thrown in C:\xampp\htdocs\doctor appoint\user\one\doctor_medical.php on line 125
[08-Jun-2025 04:04:10 Asia/Manila] Redis extension is not loaded
[08-Jun-2025 04:04:11 Asia/Manila] Redis extension is not loaded
[08-Jun-2025 04:04:12 Asia/Manila] Redis extension is not loaded
[08-Jun-2025 04:04:18 Asia/Manila] Redis extension is not loaded
[08-Jun-2025 04:04:19 Asia/Manila] Redis extension is not loaded
[08-Jun-2025 04:04:19 Asia/Manila] Redis extension is not loaded
[08-Jun-2025 04:13:11 Asia/Manila] Redis extension is not loaded
[08-Jun-2025 04:13:11 Asia/Manila] PHP Fatal error:  Uncaught PDOException: SQLSTATE[42S02]: Base table or view not found: 1146 Table 'akasi.medicalrecords' doesn't exist in C:\xampp\htdocs\doctor appoint\user\one\doctor_medical.php:125
Stack trace:
#0 C:\xampp\htdocs\doctor appoint\user\one\doctor_medical.php(125): PDO->prepare('\r\n        SELEC...')
#1 C:\xampp\htdocs\doctor appoint\user\one\doctor_medical.php(148): getCompletedAppointments(Object(PDO), 5)
#2 {main}
  thrown in C:\xampp\htdocs\doctor appoint\user\one\doctor_medical.php on line 125
[08-Jun-2025 04:13:12 Asia/Manila] Redis extension is not loaded
[08-Jun-2025 04:13:12 Asia/Manila] PHP Fatal error:  Uncaught PDOException: SQLSTATE[42S02]: Base table or view not found: 1146 Table 'akasi.medicalrecords' doesn't exist in C:\xampp\htdocs\doctor appoint\user\one\doctor_medical.php:125
Stack trace:
#0 C:\xampp\htdocs\doctor appoint\user\one\doctor_medical.php(125): PDO->prepare('\r\n        SELEC...')
#1 C:\xampp\htdocs\doctor appoint\user\one\doctor_medical.php(148): getCompletedAppointments(Object(PDO), 5)
#2 {main}
  thrown in C:\xampp\htdocs\doctor appoint\user\one\doctor_medical.php on line 125
[08-Jun-2025 04:13:12 Asia/Manila] Redis extension is not loaded
[08-Jun-2025 04:13:12 Asia/Manila] PHP Fatal error:  Uncaught PDOException: SQLSTATE[42S02]: Base table or view not found: 1146 Table 'akasi.medicalrecords' doesn't exist in C:\xampp\htdocs\doctor appoint\user\one\doctor_medical.php:125
Stack trace:
#0 C:\xampp\htdocs\doctor appoint\user\one\doctor_medical.php(125): PDO->prepare('\r\n        SELEC...')
#1 C:\xampp\htdocs\doctor appoint\user\one\doctor_medical.php(148): getCompletedAppointments(Object(PDO), 5)
#2 {main}
  thrown in C:\xampp\htdocs\doctor appoint\user\one\doctor_medical.php on line 125
[08-Jun-2025 04:13:12 Asia/Manila] Redis extension is not loaded
[08-Jun-2025 04:13:12 Asia/Manila] PHP Fatal error:  Uncaught PDOException: SQLSTATE[42S02]: Base table or view not found: 1146 Table 'akasi.medicalrecords' doesn't exist in C:\xampp\htdocs\doctor appoint\user\one\doctor_medical.php:125
Stack trace:
#0 C:\xampp\htdocs\doctor appoint\user\one\doctor_medical.php(125): PDO->prepare('\r\n        SELEC...')
#1 C:\xampp\htdocs\doctor appoint\user\one\doctor_medical.php(148): getCompletedAppointments(Object(PDO), 5)
#2 {main}
  thrown in C:\xampp\htdocs\doctor appoint\user\one\doctor_medical.php on line 125
[08-Jun-2025 04:13:15 Asia/Manila] Redis extension is not loaded
[08-Jun-2025 04:19:28 Asia/Manila] Redis extension is not loaded
[08-Jun-2025 04:19:29 Asia/Manila] Redis extension is not loaded
[08-Jun-2025 04:19:29 Asia/Manila] Redis extension is not loaded
[08-Jun-2025 04:19:30 Asia/Manila] Redis extension is not loaded
[08-Jun-2025 04:19:30 Asia/Manila] Redis extension is not loaded
[08-Jun-2025 04:19:30 Asia/Manila] Redis extension is not loaded
[08-Jun-2025 04:19:30 Asia/Manila] Redis extension is not loaded
[08-Jun-2025 04:19:30 Asia/Manila] Redis extension is not loaded
[08-Jun-2025 04:19:30 Asia/Manila] Redis extension is not loaded
[08-Jun-2025 04:19:31 Asia/Manila] Redis extension is not loaded
[08-Jun-2025 04:19:31 Asia/Manila] Redis extension is not loaded
[08-Jun-2025 04:19:31 Asia/Manila] Redis extension is not loaded
[08-Jun-2025 04:19:31 Asia/Manila] Redis extension is not loaded
[08-Jun-2025 04:19:35 Asia/Manila] Redis extension is not loaded
[08-Jun-2025 04:19:35 Asia/Manila] PHP Fatal error:  Uncaught PDOException: SQLSTATE[42S02]: Base table or view not found: 1146 Table 'akasi.medicalrecords' doesn't exist in C:\xampp\htdocs\doctor appoint\user\one\doctor_medical.php:125
Stack trace:
#0 C:\xampp\htdocs\doctor appoint\user\one\doctor_medical.php(125): PDO->prepare('\r\n        SELEC...')
#1 C:\xampp\htdocs\doctor appoint\user\one\doctor_medical.php(146): getCompletedAppointments(Object(PDO), 5)
#2 {main}
  thrown in C:\xampp\htdocs\doctor appoint\user\one\doctor_medical.php on line 125
[08-Jun-2025 04:19:36 Asia/Manila] Redis extension is not loaded
[08-Jun-2025 04:19:36 Asia/Manila] PHP Fatal error:  Uncaught PDOException: SQLSTATE[42S02]: Base table or view not found: 1146 Table 'akasi.medicalrecords' doesn't exist in C:\xampp\htdocs\doctor appoint\user\one\doctor_medical.php:125
Stack trace:
#0 C:\xampp\htdocs\doctor appoint\user\one\doctor_medical.php(125): PDO->prepare('\r\n        SELEC...')
#1 C:\xampp\htdocs\doctor appoint\user\one\doctor_medical.php(146): getCompletedAppointments(Object(PDO), 5)
#2 {main}
  thrown in C:\xampp\htdocs\doctor appoint\user\one\doctor_medical.php on line 125
[08-Jun-2025 04:19:39 Asia/Manila] Redis extension is not loaded
[08-Jun-2025 04:19:39 Asia/Manila] PHP Fatal error:  Uncaught PDOException: SQLSTATE[42S02]: Base table or view not found: 1146 Table 'akasi.medicalrecords' doesn't exist in C:\xampp\htdocs\doctor appoint\user\one\doctor_medical.php:125
Stack trace:
#0 C:\xampp\htdocs\doctor appoint\user\one\doctor_medical.php(125): PDO->prepare('\r\n        SELEC...')
#1 C:\xampp\htdocs\doctor appoint\user\one\doctor_medical.php(146): getCompletedAppointments(Object(PDO), 5)
#2 {main}
  thrown in C:\xampp\htdocs\doctor appoint\user\one\doctor_medical.php on line 125
[08-Jun-2025 04:19:40 Asia/Manila] Redis extension is not loaded
[08-Jun-2025 04:19:40 Asia/Manila] PHP Fatal error:  Uncaught PDOException: SQLSTATE[42S02]: Base table or view not found: 1146 Table 'akasi.medicalrecords' doesn't exist in C:\xampp\htdocs\doctor appoint\user\one\doctor_medical.php:125
Stack trace:
#0 C:\xampp\htdocs\doctor appoint\user\one\doctor_medical.php(125): PDO->prepare('\r\n        SELEC...')
#1 C:\xampp\htdocs\doctor appoint\user\one\doctor_medical.php(146): getCompletedAppointments(Object(PDO), 5)
#2 {main}
  thrown in C:\xampp\htdocs\doctor appoint\user\one\doctor_medical.php on line 125
[08-Jun-2025 04:19:41 Asia/Manila] Redis extension is not loaded
[08-Jun-2025 04:19:41 Asia/Manila] PHP Fatal error:  Uncaught PDOException: SQLSTATE[42S02]: Base table or view not found: 1146 Table 'akasi.medicalrecords' doesn't exist in C:\xampp\htdocs\doctor appoint\user\one\doctor_medical.php:125
Stack trace:
#0 C:\xampp\htdocs\doctor appoint\user\one\doctor_medical.php(125): PDO->prepare('\r\n        SELEC...')
#1 C:\xampp\htdocs\doctor appoint\user\one\doctor_medical.php(146): getCompletedAppointments(Object(PDO), 5)
#2 {main}
  thrown in C:\xampp\htdocs\doctor appoint\user\one\doctor_medical.php on line 125
[08-Jun-2025 04:20:32 Asia/Manila] Redis extension is not loaded
[08-Jun-2025 04:20:32 Asia/Manila] PHP Fatal error:  Uncaught PDOException: SQLSTATE[42S02]: Base table or view not found: 1146 Table 'akasi.medicalrecords' doesn't exist in C:\xampp\htdocs\doctor appoint\user\one\doctor_medical.php:125
Stack trace:
#0 C:\xampp\htdocs\doctor appoint\user\one\doctor_medical.php(125): PDO->prepare('\r\n        SELEC...')
#1 C:\xampp\htdocs\doctor appoint\user\one\doctor_medical.php(146): getCompletedAppointments(Object(PDO), 5)
#2 {main}
  thrown in C:\xampp\htdocs\doctor appoint\user\one\doctor_medical.php on line 125
[08-Jun-2025 14:14:15 Asia/Manila] Redis extension is not loaded
[08-Jun-2025 14:14:20 Asia/Manila] Redis extension is not loaded
[08-Jun-2025 14:14:22 Asia/Manila] Redis extension is not loaded
[08-Jun-2025 14:14:22 Asia/Manila] PHP Fatal error:  Uncaught PDOException: SQLSTATE[42S02]: Base table or view not found: 1146 Table 'akasi.medicalrecords' doesn't exist in C:\xampp\htdocs\doctor appoint\user\one\doctor_medical.php:125
Stack trace:
#0 C:\xampp\htdocs\doctor appoint\user\one\doctor_medical.php(125): PDO->prepare('\r\n        SELEC...')
#1 C:\xampp\htdocs\doctor appoint\user\one\doctor_medical.php(146): getCompletedAppointments(Object(PDO), 5)
#2 {main}
  thrown in C:\xampp\htdocs\doctor appoint\user\one\doctor_medical.php on line 125
[08-Jun-2025 14:14:34 Asia/Manila] Redis extension is not loaded
[08-Jun-2025 14:14:34 Asia/Manila] PHP Fatal error:  Uncaught PDOException: SQLSTATE[42S02]: Base table or view not found: 1146 Table 'akasi.medicalrecords' doesn't exist in C:\xampp\htdocs\doctor appoint\user\one\doctor_medical.php:125
Stack trace:
#0 C:\xampp\htdocs\doctor appoint\user\one\doctor_medical.php(125): PDO->prepare('\r\n        SELEC...')
#1 C:\xampp\htdocs\doctor appoint\user\one\doctor_medical.php(146): getCompletedAppointments(Object(PDO), 5)
#2 {main}
  thrown in C:\xampp\htdocs\doctor appoint\user\one\doctor_medical.php on line 125
[08-Jun-2025 14:21:36 Asia/Manila] Redis extension is not loaded
[08-Jun-2025 14:21:36 Asia/Manila] PHP Fatal error:  Uncaught PDOException: SQLSTATE[42S02]: Base table or view not found: 1146 Table 'akasi.medicalrecords' doesn't exist in C:\xampp\htdocs\doctor appoint\user\one\doctor_medical.php:125
Stack trace:
#0 C:\xampp\htdocs\doctor appoint\user\one\doctor_medical.php(125): PDO->prepare('\r\n        SELEC...')
#1 C:\xampp\htdocs\doctor appoint\user\one\doctor_medical.php(146): getCompletedAppointments(Object(PDO), 5)
#2 {main}
  thrown in C:\xampp\htdocs\doctor appoint\user\one\doctor_medical.php on line 125
[08-Jun-2025 14:21:36 Asia/Manila] Redis extension is not loaded
[08-Jun-2025 14:21:36 Asia/Manila] PHP Fatal error:  Uncaught PDOException: SQLSTATE[42S02]: Base table or view not found: 1146 Table 'akasi.medicalrecords' doesn't exist in C:\xampp\htdocs\doctor appoint\user\one\doctor_medical.php:125
Stack trace:
#0 C:\xampp\htdocs\doctor appoint\user\one\doctor_medical.php(125): PDO->prepare('\r\n        SELEC...')
#1 C:\xampp\htdocs\doctor appoint\user\one\doctor_medical.php(146): getCompletedAppointments(Object(PDO), 5)
#2 {main}
  thrown in C:\xampp\htdocs\doctor appoint\user\one\doctor_medical.php on line 125
[08-Jun-2025 14:27:58 Asia/Manila] Redis extension is not loaded
[08-Jun-2025 14:27:58 Asia/Manila] PHP Fatal error:  Uncaught PDOException: SQLSTATE[42S22]: Column not found: 1054 Unknown column 'mr.DiagnosisNotes' in 'field list' in C:\xampp\htdocs\doctor appoint\user\one\doctor_medical.php:125
Stack trace:
#0 C:\xampp\htdocs\doctor appoint\user\one\doctor_medical.php(125): PDO->prepare('\r\n        SELEC...')
#1 C:\xampp\htdocs\doctor appoint\user\one\doctor_medical.php(146): getCompletedAppointments(Object(PDO), 5)
#2 {main}
  thrown in C:\xampp\htdocs\doctor appoint\user\one\doctor_medical.php on line 125
[08-Jun-2025 14:27:58 Asia/Manila] Redis extension is not loaded
[08-Jun-2025 14:27:58 Asia/Manila] PHP Fatal error:  Uncaught PDOException: SQLSTATE[42S22]: Column not found: 1054 Unknown column 'mr.DiagnosisNotes' in 'field list' in C:\xampp\htdocs\doctor appoint\user\one\doctor_medical.php:125
Stack trace:
#0 C:\xampp\htdocs\doctor appoint\user\one\doctor_medical.php(125): PDO->prepare('\r\n        SELEC...')
#1 C:\xampp\htdocs\doctor appoint\user\one\doctor_medical.php(146): getCompletedAppointments(Object(PDO), 5)
#2 {main}
  thrown in C:\xampp\htdocs\doctor appoint\user\one\doctor_medical.php on line 125
[08-Jun-2025 14:27:59 Asia/Manila] Redis extension is not loaded
[08-Jun-2025 14:27:59 Asia/Manila] PHP Fatal error:  Uncaught PDOException: SQLSTATE[42S22]: Column not found: 1054 Unknown column 'mr.DiagnosisNotes' in 'field list' in C:\xampp\htdocs\doctor appoint\user\one\doctor_medical.php:125
Stack trace:
#0 C:\xampp\htdocs\doctor appoint\user\one\doctor_medical.php(125): PDO->prepare('\r\n        SELEC...')
#1 C:\xampp\htdocs\doctor appoint\user\one\doctor_medical.php(146): getCompletedAppointments(Object(PDO), 5)
#2 {main}
  thrown in C:\xampp\htdocs\doctor appoint\user\one\doctor_medical.php on line 125
[08-Jun-2025 14:28:05 Asia/Manila] Redis extension is not loaded
[08-Jun-2025 14:28:09 Asia/Manila] Redis extension is not loaded
[08-Jun-2025 14:28:09 Asia/Manila] PHP Fatal error:  Uncaught PDOException: SQLSTATE[42S22]: Column not found: 1054 Unknown column 'mr.DiagnosisNotes' in 'field list' in C:\xampp\htdocs\doctor appoint\user\one\doctor_medical.php:125
Stack trace:
#0 C:\xampp\htdocs\doctor appoint\user\one\doctor_medical.php(125): PDO->prepare('\r\n        SELEC...')
#1 C:\xampp\htdocs\doctor appoint\user\one\doctor_medical.php(146): getCompletedAppointments(Object(PDO), 5)
#2 {main}
  thrown in C:\xampp\htdocs\doctor appoint\user\one\doctor_medical.php on line 125
[08-Jun-2025 14:34:05 Asia/Manila] Redis extension is not loaded
[08-Jun-2025 14:34:12 Asia/Manila] Redis extension is not loaded
[08-Jun-2025 14:34:12 Asia/Manila] Redis extension is not loaded
[08-Jun-2025 14:34:14 Asia/Manila] Redis extension is not loaded
[08-Jun-2025 14:35:34 Asia/Manila] Redis extension is not loaded
[08-Jun-2025 14:35:34 Asia/Manila] Redis extension is not loaded
[08-Jun-2025 14:35:45 Asia/Manila] Redis extension is not loaded
[08-Jun-2025 14:35:46 Asia/Manila] Redis extension is not loaded
[08-Jun-2025 14:35:47 Asia/Manila] Redis extension is not loaded
[08-Jun-2025 14:35:52 Asia/Manila] Redis extension is not loaded
[08-Jun-2025 14:35:52 Asia/Manila] 2
[08-Jun-2025 14:36:47 Asia/Manila] Redis extension is not loaded
[08-Jun-2025 14:37:21 Asia/Manila] Redis extension is not loaded
[08-Jun-2025 14:37:22 Asia/Manila] Redis extension is not loaded
[08-Jun-2025 14:37:22 Asia/Manila] Redis extension is not loaded
[08-Jun-2025 14:37:23 Asia/Manila] Redis extension is not loaded
[08-Jun-2025 14:37:31 Asia/Manila] Redis extension is not loaded
[08-Jun-2025 14:37:31 Asia/Manila] Redis extension is not loaded
[08-Jun-2025 14:42:16 Asia/Manila] Redis extension is not loaded
[08-Jun-2025 14:43:07 Asia/Manila] Redis extension is not loaded
[08-Jun-2025 14:43:08 Asia/Manila] Redis extension is not loaded
[08-Jun-2025 14:57:00 Asia/Manila] Redis extension is not loaded
[08-Jun-2025 14:57:00 Asia/Manila] 2
[08-Jun-2025 14:59:11 Asia/Manila] Redis extension is not loaded
[08-Jun-2025 14:59:11 Asia/Manila] 2
[08-Jun-2025 14:59:13 Asia/Manila] Redis extension is not loaded
[08-Jun-2025 14:59:13 Asia/Manila] 2
[08-Jun-2025 14:59:17 Asia/Manila] Redis extension is not loaded
[08-Jun-2025 14:59:17 Asia/Manila] 2
[08-Jun-2025 14:59:22 Asia/Manila] Redis extension is not loaded
[08-Jun-2025 14:59:30 Asia/Manila] Redis extension is not loaded
[08-Jun-2025 14:59:30 Asia/Manila] 2
[08-Jun-2025 15:07:45 Asia/Manila] Redis extension is not loaded
[08-Jun-2025 15:07:45 Asia/Manila] 2
[08-Jun-2025 15:11:47 Asia/Manila] Redis extension is not loaded
[08-Jun-2025 15:11:47 Asia/Manila] 2
[08-Jun-2025 15:11:48 Asia/Manila] Redis extension is not loaded
[08-Jun-2025 15:12:06 Asia/Manila] Redis extension is not loaded
[08-Jun-2025 15:12:06 Asia/Manila] 2
[08-Jun-2025 15:12:10 Asia/Manila] Redis extension is not loaded
[08-Jun-2025 15:12:10 Asia/Manila] 2
[08-Jun-2025 15:12:13 Asia/Manila] Redis extension is not loaded
[08-Jun-2025 15:12:13 Asia/Manila] 2
[08-Jun-2025 15:28:02 Asia/Manila] Redis extension is not loaded
[08-Jun-2025 15:28:02 Asia/Manila] 2
[08-Jun-2025 15:28:26 Asia/Manila] Redis extension is not loaded
[08-Jun-2025 15:28:26 Asia/Manila] 2
[08-Jun-2025 15:28:26 Asia/Manila] Redis extension is not loaded
[08-Jun-2025 15:28:26 Asia/Manila] 2
[08-Jun-2025 15:28:27 Asia/Manila] Redis extension is not loaded
[08-Jun-2025 15:28:27 Asia/Manila] 2
[08-Jun-2025 15:28:31 Asia/Manila] Redis extension is not loaded
[08-Jun-2025 15:28:31 Asia/Manila] 2
[08-Jun-2025 16:02:18 Asia/Manila] Redis extension is not loaded
[08-Jun-2025 16:02:18 Asia/Manila] 2
[08-Jun-2025 16:57:42 Asia/Manila] Redis extension is not loaded
[08-Jun-2025 16:57:47 Asia/Manila] Redis extension is not loaded
[08-Jun-2025 16:57:58 Asia/Manila] Redis extension is not loaded
[08-Jun-2025 16:57:58 Asia/Manila] 2
[08-Jun-2025 17:00:54 Asia/Manila] Redis extension is not loaded
[08-Jun-2025 17:00:54 Asia/Manila] 2
[08-Jun-2025 17:05:16 Asia/Manila] Redis extension is not loaded
[08-Jun-2025 17:11:28 Asia/Manila] Redis extension is not loaded
[08-Jun-2025 17:11:29 Asia/Manila] Redis extension is not loaded
[08-Jun-2025 17:11:30 Asia/Manila] Redis extension is not loaded
[08-Jun-2025 17:11:31 Asia/Manila] Redis extension is not loaded
[08-Jun-2025 17:11:38 Asia/Manila] Redis extension is not loaded
[08-Jun-2025 17:11:39 Asia/Manila] Redis extension is not loaded
[08-Jun-2025 17:11:39 Asia/Manila] Redis extension is not loaded
[08-Jun-2025 17:11:39 Asia/Manila] Redis extension is not loaded
[08-Jun-2025 17:17:57 Asia/Manila] Redis extension is not loaded
[08-Jun-2025 17:18:08 Asia/Manila] Logout error: SQLSTATE[42S02]: Base table or view not found: 1146 Table 'akasi.login_logs' doesn't exist
[08-Jun-2025 17:18:08 Asia/Manila] 2
[08-Jun-2025 17:21:39 Asia/Manila] Redis extension is not loaded
[08-Jun-2025 17:22:01 Asia/Manila] Logout error: SQLSTATE[42S02]: Base table or view not found: 1146 Table 'akasi.login_logs' doesn't exist
[08-Jun-2025 17:22:20 Asia/Manila] Redis extension is not loaded
[08-Jun-2025 17:22:20 Asia/Manila] Rate limiting disabled - Redis not available
[08-Jun-2025 17:22:29 Asia/Manila] Redis extension is not loaded
[08-Jun-2025 17:22:29 Asia/Manila] Rate limiting disabled - Redis not available
[08-Jun-2025 17:22:43 Asia/Manila] Redis extension is not loaded
[08-Jun-2025 17:22:43 Asia/Manila] Rate limiting disabled - Redis not available
[08-Jun-2025 17:23:00 Asia/Manila] Redis extension is not loaded
[08-Jun-2025 17:23:00 Asia/Manila] Rate limiting disabled - Redis not available
[08-Jun-2025 17:23:00 Asia/Manila] Error fetching canceled appointments: SQLSTATE[42000]: Syntax error or access violation: 1176 Key 'idx_patient_status_time' doesn't exist in table 'a'
[08-Jun-2025 17:23:08 Asia/Manila] Redis extension is not loaded
[08-Jun-2025 17:23:08 Asia/Manila] Rate limiting disabled - Redis not available
[08-Jun-2025 17:23:10 Asia/Manila] Redis extension is not loaded
[08-Jun-2025 17:23:10 Asia/Manila] Rate limiting disabled - Redis not available
[08-Jun-2025 17:23:10 Asia/Manila] Error fetching canceled appointments: SQLSTATE[42000]: Syntax error or access violation: 1176 Key 'idx_patient_status_time' doesn't exist in table 'a'
[08-Jun-2025 17:23:11 Asia/Manila] Redis extension is not loaded
[08-Jun-2025 17:23:11 Asia/Manila] Rate limiting disabled - Redis not available
[08-Jun-2025 17:23:34 Asia/Manila] Redis extension is not loaded
[08-Jun-2025 17:23:34 Asia/Manila] Rate limiting disabled - Redis not available
[08-Jun-2025 17:23:35 Asia/Manila] Redis extension is not loaded
[08-Jun-2025 17:23:35 Asia/Manila] Rate limiting disabled - Redis not available
[08-Jun-2025 17:23:51 Asia/Manila] Redis extension is not loaded
[08-Jun-2025 17:23:51 Asia/Manila] Rate limiting disabled - Redis not available
[08-Jun-2025 17:24:54 Asia/Manila] Redis extension is not loaded
[08-Jun-2025 17:24:54 Asia/Manila] Rate limiting disabled - Redis not available
[08-Jun-2025 17:24:56 Asia/Manila] Redis extension is not loaded
[08-Jun-2025 17:24:56 Asia/Manila] Rate limiting disabled - Redis not available
[08-Jun-2025 17:24:56 Asia/Manila] Redis extension is not loaded
[08-Jun-2025 17:24:56 Asia/Manila] Rate limiting disabled - Redis not available
[08-Jun-2025 17:24:56 Asia/Manila] Redis extension is not loaded
[08-Jun-2025 17:24:56 Asia/Manila] Rate limiting disabled - Redis not available
[08-Jun-2025 17:24:57 Asia/Manila] Redis extension is not loaded
[08-Jun-2025 17:24:57 Asia/Manila] Rate limiting disabled - Redis not available
[08-Jun-2025 17:24:57 Asia/Manila] Redis extension is not loaded
[08-Jun-2025 17:24:57 Asia/Manila] Rate limiting disabled - Redis not available
[08-Jun-2025 17:24:57 Asia/Manila] Redis extension is not loaded
[08-Jun-2025 17:24:57 Asia/Manila] Rate limiting disabled - Redis not available
[08-Jun-2025 17:24:58 Asia/Manila] Redis extension is not loaded
[08-Jun-2025 17:24:58 Asia/Manila] Rate limiting disabled - Redis not available
[08-Jun-2025 17:25:09 Asia/Manila] Redis extension is not loaded
[08-Jun-2025 17:25:09 Asia/Manila] Rate limiting disabled - Redis not available
[08-Jun-2025 17:25:14 Asia/Manila] Redis extension is not loaded
[08-Jun-2025 17:25:14 Asia/Manila] Rate limiting disabled - Redis not available
[08-Jun-2025 17:25:16 Asia/Manila] Redis extension is not loaded
[08-Jun-2025 17:25:16 Asia/Manila] Rate limiting disabled - Redis not available
[08-Jun-2025 17:25:18 Asia/Manila] Redis extension is not loaded
[08-Jun-2025 17:25:18 Asia/Manila] Rate limiting disabled - Redis not available
[08-Jun-2025 17:25:22 Asia/Manila] Redis extension is not loaded
[08-Jun-2025 17:25:22 Asia/Manila] Rate limiting disabled - Redis not available
[08-Jun-2025 17:25:23 Asia/Manila] Redis extension is not loaded
[08-Jun-2025 17:25:23 Asia/Manila] Rate limiting disabled - Redis not available
[08-Jun-2025 17:25:23 Asia/Manila] Redis extension is not loaded
[08-Jun-2025 17:25:23 Asia/Manila] Rate limiting disabled - Redis not available
[08-Jun-2025 17:25:25 Asia/Manila] Redis extension is not loaded
[08-Jun-2025 17:25:25 Asia/Manila] Rate limiting disabled - Redis not available
[08-Jun-2025 17:25:26 Asia/Manila] Redis extension is not loaded
[08-Jun-2025 17:25:26 Asia/Manila] Rate limiting disabled - Redis not available
[08-Jun-2025 17:25:36 Asia/Manila] Redis extension is not loaded
[08-Jun-2025 17:25:36 Asia/Manila] Rate limiting disabled - Redis not available
[08-Jun-2025 17:25:41 Asia/Manila] Redis extension is not loaded
[08-Jun-2025 17:25:41 Asia/Manila] Rate limiting disabled - Redis not available
[08-Jun-2025 17:26:09 Asia/Manila] Redis extension is not loaded
[08-Jun-2025 17:26:09 Asia/Manila] Rate limiting disabled - Redis not available
[08-Jun-2025 17:26:10 Asia/Manila] Redis extension is not loaded
[08-Jun-2025 17:26:10 Asia/Manila] Rate limiting disabled - Redis not available
[08-Jun-2025 17:26:17 Asia/Manila] Redis extension is not loaded
[08-Jun-2025 17:26:17 Asia/Manila] Rate limiting disabled - Redis not available
[08-Jun-2025 17:26:23 Asia/Manila] Redis extension is not loaded
[08-Jun-2025 17:26:23 Asia/Manila] Rate limiting disabled - Redis not available
[08-Jun-2025 17:26:24 Asia/Manila] Redis extension is not loaded
[08-Jun-2025 17:26:24 Asia/Manila] Rate limiting disabled - Redis not available
[08-Jun-2025 17:26:26 Asia/Manila] Redis extension is not loaded
[08-Jun-2025 17:26:26 Asia/Manila] Rate limiting disabled - Redis not available
[08-Jun-2025 17:26:28 Asia/Manila] Redis extension is not loaded
[08-Jun-2025 17:26:28 Asia/Manila] Rate limiting disabled - Redis not available
[08-Jun-2025 17:26:57 Asia/Manila] Redis extension is not loaded
[08-Jun-2025 17:26:57 Asia/Manila] Rate limiting disabled - Redis not available
[08-Jun-2025 17:27:04 Asia/Manila] Redis extension is not loaded
[08-Jun-2025 17:27:04 Asia/Manila] Rate limiting disabled - Redis not available
[08-Jun-2025 17:27:04 Asia/Manila] Error fetching canceled appointments: SQLSTATE[42000]: Syntax error or access violation: 1176 Key 'idx_patient_status_time' doesn't exist in table 'a'
[08-Jun-2025 17:27:07 Asia/Manila] Redis extension is not loaded
[08-Jun-2025 17:27:07 Asia/Manila] Rate limiting disabled - Redis not available
[08-Jun-2025 17:27:07 Asia/Manila] Error fetching canceled appointments: SQLSTATE[42000]: Syntax error or access violation: 1176 Key 'idx_patient_status_time' doesn't exist in table 'a'
[08-Jun-2025 17:28:03 Asia/Manila] Redis extension is not loaded
[08-Jun-2025 17:28:03 Asia/Manila] Rate limiting disabled - Redis not available
[08-Jun-2025 17:28:03 Asia/Manila] Error fetching canceled appointments: SQLSTATE[42000]: Syntax error or access violation: 1176 Key 'idx_patient_status_time' doesn't exist in table 'a'
[08-Jun-2025 17:28:04 Asia/Manila] Redis extension is not loaded
[08-Jun-2025 17:28:04 Asia/Manila] Rate limiting disabled - Redis not available
[08-Jun-2025 17:28:04 Asia/Manila] Error fetching canceled appointments: SQLSTATE[42000]: Syntax error or access violation: 1176 Key 'idx_patient_status_time' doesn't exist in table 'a'
[08-Jun-2025 17:28:17 Asia/Manila] Redis extension is not loaded
[08-Jun-2025 17:28:17 Asia/Manila] Rate limiting disabled - Redis not available
[08-Jun-2025 17:28:18 Asia/Manila] Redis extension is not loaded
[08-Jun-2025 17:28:18 Asia/Manila] Rate limiting disabled - Redis not available
[08-Jun-2025 17:28:18 Asia/Manila] Error fetching canceled appointments: SQLSTATE[42000]: Syntax error or access violation: 1176 Key 'idx_patient_status_time' doesn't exist in table 'a'
[08-Jun-2025 17:28:19 Asia/Manila] Redis extension is not loaded
[08-Jun-2025 17:28:19 Asia/Manila] Rate limiting disabled - Redis not available
[08-Jun-2025 17:28:27 Asia/Manila] Redis extension is not loaded
[08-Jun-2025 17:28:27 Asia/Manila] Rate limiting disabled - Redis not available
[08-Jun-2025 17:28:29 Asia/Manila] Redis extension is not loaded
[08-Jun-2025 17:28:29 Asia/Manila] Rate limiting disabled - Redis not available
[08-Jun-2025 17:28:29 Asia/Manila] Error fetching canceled appointments: SQLSTATE[42000]: Syntax error or access violation: 1176 Key 'idx_patient_status_time' doesn't exist in table 'a'
[08-Jun-2025 17:28:29 Asia/Manila] Redis extension is not loaded
[08-Jun-2025 17:28:29 Asia/Manila] Rate limiting disabled - Redis not available
[08-Jun-2025 17:28:29 Asia/Manila] Error fetching canceled appointments: SQLSTATE[42000]: Syntax error or access violation: 1176 Key 'idx_patient_status_time' doesn't exist in table 'a'
[08-Jun-2025 17:28:30 Asia/Manila] Redis extension is not loaded
[08-Jun-2025 17:28:30 Asia/Manila] Rate limiting disabled - Redis not available
[08-Jun-2025 17:28:30 Asia/Manila] Error fetching canceled appointments: SQLSTATE[42000]: Syntax error or access violation: 1176 Key 'idx_patient_status_time' doesn't exist in table 'a'
[08-Jun-2025 17:28:41 Asia/Manila] Redis extension is not loaded
[08-Jun-2025 17:28:41 Asia/Manila] Rate limiting disabled - Redis not available
[08-Jun-2025 17:29:42 Asia/Manila] Redis extension is not loaded
[08-Jun-2025 17:29:42 Asia/Manila] Rate limiting disabled - Redis not available
[08-Jun-2025 17:29:50 Asia/Manila] Redis extension is not loaded
[08-Jun-2025 17:29:50 Asia/Manila] Rate limiting disabled - Redis not available
[08-Jun-2025 17:29:51 Asia/Manila] Error fetching canceled appointments: SQLSTATE[42000]: Syntax error or access violation: 1176 Key 'idx_patient_status_time' doesn't exist in table 'a'
[08-Jun-2025 17:29:56 Asia/Manila] Redis extension is not loaded
[08-Jun-2025 17:29:56 Asia/Manila] Rate limiting disabled - Redis not available
[08-Jun-2025 17:29:56 Asia/Manila] Error fetching canceled appointments: SQLSTATE[42000]: Syntax error or access violation: 1176 Key 'idx_patient_status_time' doesn't exist in table 'a'
[08-Jun-2025 17:29:57 Asia/Manila] Redis extension is not loaded
[08-Jun-2025 17:29:57 Asia/Manila] Rate limiting disabled - Redis not available
[08-Jun-2025 17:30:00 Asia/Manila] Redis extension is not loaded
[08-Jun-2025 17:30:00 Asia/Manila] Rate limiting disabled - Redis not available
[08-Jun-2025 17:30:06 Asia/Manila] Redis extension is not loaded
[08-Jun-2025 17:30:06 Asia/Manila] Rate limiting disabled - Redis not available
[08-Jun-2025 17:30:06 Asia/Manila] Error fetching canceled appointments: SQLSTATE[42000]: Syntax error or access violation: 1176 Key 'idx_patient_status_time' doesn't exist in table 'a'
[08-Jun-2025 17:30:11 Asia/Manila] Redis extension is not loaded
[08-Jun-2025 17:30:11 Asia/Manila] Rate limiting disabled - Redis not available
[08-Jun-2025 17:31:01 Asia/Manila] Redis extension is not loaded
[08-Jun-2025 17:31:01 Asia/Manila] Rate limiting disabled - Redis not available
[08-Jun-2025 17:31:01 Asia/Manila] Error fetching canceled appointments: SQLSTATE[42000]: Syntax error or access violation: 1176 Key 'idx_patient_status_time' doesn't exist in table 'a'
[08-Jun-2025 17:31:03 Asia/Manila] Redis extension is not loaded
[08-Jun-2025 17:31:03 Asia/Manila] Rate limiting disabled - Redis not available
[08-Jun-2025 17:31:05 Asia/Manila] Redis extension is not loaded
[08-Jun-2025 17:31:05 Asia/Manila] Rate limiting disabled - Redis not available
[08-Jun-2025 17:31:13 Asia/Manila] Redis extension is not loaded
[08-Jun-2025 17:31:13 Asia/Manila] Rate limiting disabled - Redis not available
[08-Jun-2025 18:57:47 Asia/Manila] Redis extension is not loaded
[08-Jun-2025 18:57:47 Asia/Manila] Rate limiting disabled - Redis not available
[08-Jun-2025 18:58:29 Asia/Manila] Redis extension is not loaded
[08-Jun-2025 18:58:29 Asia/Manila] Rate limiting disabled - Redis not available
[08-Jun-2025 18:58:52 Asia/Manila] Redis extension is not loaded
[08-Jun-2025 18:58:52 Asia/Manila] Rate limiting disabled - Redis not available
[08-Jun-2025 18:59:57 Asia/Manila] Redis extension is not loaded
[08-Jun-2025 18:59:57 Asia/Manila] Rate limiting disabled - Redis not available
[08-Jun-2025 19:00:21 Asia/Manila] Redis extension is not loaded
[08-Jun-2025 19:00:21 Asia/Manila] Rate limiting disabled - Redis not available
[08-Jun-2025 19:00:21 Asia/Manila] Error fetching canceled appointments: SQLSTATE[42000]: Syntax error or access violation: 1176 Key 'idx_patient_status_time' doesn't exist in table 'a'
[08-Jun-2025 19:00:21 Asia/Manila] 2
[08-Jun-2025 19:00:24 Asia/Manila] Redis extension is not loaded
[08-Jun-2025 19:00:24 Asia/Manila] Rate limiting disabled - Redis not available
[08-Jun-2025 19:00:31 Asia/Manila] Redis extension is not loaded
[08-Jun-2025 19:00:31 Asia/Manila] Rate limiting disabled - Redis not available
[08-Jun-2025 19:01:06 Asia/Manila] Redis extension is not loaded
[08-Jun-2025 19:01:06 Asia/Manila] Rate limiting disabled - Redis not available
[08-Jun-2025 19:01:08 Asia/Manila] Redis extension is not loaded
[08-Jun-2025 19:01:08 Asia/Manila] Rate limiting disabled - Redis not available
[08-Jun-2025 19:01:18 Asia/Manila] Redis extension is not loaded
[08-Jun-2025 19:01:18 Asia/Manila] Rate limiting disabled - Redis not available
[08-Jun-2025 19:01:18 Asia/Manila] Error fetching canceled appointments: SQLSTATE[42000]: Syntax error or access violation: 1176 Key 'idx_patient_status_time' doesn't exist in table 'a'
[08-Jun-2025 19:01:18 Asia/Manila] 2
[08-Jun-2025 19:01:36 Asia/Manila] Redis extension is not loaded
[08-Jun-2025 19:01:36 Asia/Manila] Rate limiting disabled - Redis not available
[08-Jun-2025 19:02:06 Asia/Manila] Redis extension is not loaded
[08-Jun-2025 19:02:06 Asia/Manila] Rate limiting disabled - Redis not available
[08-Jun-2025 19:02:07 Asia/Manila] Redis extension is not loaded
[08-Jun-2025 19:02:07 Asia/Manila] Rate limiting disabled - Redis not available
[08-Jun-2025 19:02:07 Asia/Manila] Error fetching canceled appointments: SQLSTATE[42000]: Syntax error or access violation: 1176 Key 'idx_patient_status_time' doesn't exist in table 'a'
[08-Jun-2025 19:02:07 Asia/Manila] 2
[08-Jun-2025 19:02:08 Asia/Manila] Redis extension is not loaded
[08-Jun-2025 19:02:08 Asia/Manila] Rate limiting disabled - Redis not available
[08-Jun-2025 19:02:08 Asia/Manila] Error fetching canceled appointments: SQLSTATE[42000]: Syntax error or access violation: 1176 Key 'idx_patient_status_time' doesn't exist in table 'a'
[08-Jun-2025 19:02:08 Asia/Manila] 2
[08-Jun-2025 19:02:08 Asia/Manila] Redis extension is not loaded
[08-Jun-2025 19:02:08 Asia/Manila] Rate limiting disabled - Redis not available
[08-Jun-2025 19:02:08 Asia/Manila] Error fetching canceled appointments: SQLSTATE[42000]: Syntax error or access violation: 1176 Key 'idx_patient_status_time' doesn't exist in table 'a'
[08-Jun-2025 19:02:08 Asia/Manila] 2
[08-Jun-2025 19:02:14 Asia/Manila] Redis extension is not loaded
[08-Jun-2025 19:02:14 Asia/Manila] Rate limiting disabled - Redis not available
[08-Jun-2025 19:02:14 Asia/Manila] Error fetching canceled appointments: SQLSTATE[42000]: Syntax error or access violation: 1176 Key 'idx_patient_status_time' doesn't exist in table 'a'
[08-Jun-2025 19:02:14 Asia/Manila] 2
[08-Jun-2025 19:02:27 Asia/Manila] Redis extension is not loaded
[08-Jun-2025 19:02:27 Asia/Manila] Rate limiting disabled - Redis not available
[08-Jun-2025 19:02:27 Asia/Manila] Error fetching canceled appointments: SQLSTATE[42000]: Syntax error or access violation: 1176 Key 'idx_patient_status_time' doesn't exist in table 'a'
[08-Jun-2025 19:02:27 Asia/Manila] 2
[08-Jun-2025 19:05:35 Asia/Manila] Redis extension is not loaded
[08-Jun-2025 19:05:35 Asia/Manila] Rate limiting disabled - Redis not available
[08-Jun-2025 21:30:18 Asia/Manila] Redis extension is not loaded
[08-Jun-2025 21:30:18 Asia/Manila] Rate limiting disabled - Redis not available
[08-Jun-2025 21:31:12 Asia/Manila] Redis extension is not loaded
[08-Jun-2025 21:31:12 Asia/Manila] Rate limiting disabled - Redis not available
[08-Jun-2025 21:31:14 Asia/Manila] Redis extension is not loaded
[08-Jun-2025 21:31:14 Asia/Manila] Rate limiting disabled - Redis not available
[08-Jun-2025 21:37:11 Asia/Manila] Redis extension is not loaded
[08-Jun-2025 21:37:11 Asia/Manila] Rate limiting disabled - Redis not available
[08-Jun-2025 21:38:28 Asia/Manila] Redis extension is not loaded
[08-Jun-2025 21:38:28 Asia/Manila] Rate limiting disabled - Redis not available
[08-Jun-2025 21:38:34 Asia/Manila] Logout error: SQLSTATE[42S02]: Base table or view not found: 1146 Table 'akasi.login_logs' doesn't exist
[08-Jun-2025 21:38:42 Asia/Manila] Redis extension is not loaded
[08-Jun-2025 21:38:42 Asia/Manila] Rate limiting disabled - Redis not available
[08-Jun-2025 21:41:18 Asia/Manila] Redis extension is not loaded
[08-Jun-2025 21:41:18 Asia/Manila] Rate limiting disabled - Redis not available
[08-Jun-2025 22:07:22 Asia/Manila] Error in get_appointment_details.php: Invalid appointment ID
[08-Jun-2025 22:08:06 Asia/Manila] Error in get_appointment_details.php: Invalid appointment ID
[08-Jun-2025 22:08:29 Asia/Manila] Redis extension is not loaded
[08-Jun-2025 22:08:29 Asia/Manila] Rate limiting disabled - Redis not available
[08-Jun-2025 22:08:54 Asia/Manila] Logout error: SQLSTATE[42S02]: Base table or view not found: 1146 Table 'akasi.login_logs' doesn't exist
[08-Jun-2025 22:09:03 Asia/Manila] Redis extension is not loaded
[08-Jun-2025 22:10:22 Asia/Manila] Redis extension is not loaded
[08-Jun-2025 22:10:22 Asia/Manila] Redis extension is not loaded
[08-Jun-2025 22:10:24 Asia/Manila] Redis extension is not loaded
[08-Jun-2025 22:11:51 Asia/Manila] Redis extension is not loaded
[08-Jun-2025 22:11:51 Asia/Manila] Redis extension is not loaded
[08-Jun-2025 22:12:18 Asia/Manila] Redis extension is not loaded
[08-Jun-2025 22:12:39 Asia/Manila] Redis extension is not loaded
[08-Jun-2025 22:13:04 Asia/Manila] Redis extension is not loaded
[08-Jun-2025 22:13:17 Asia/Manila] Redis extension is not loaded
[08-Jun-2025 22:13:17 Asia/Manila] Redis extension is not loaded
[08-Jun-2025 22:13:27 Asia/Manila] Redis extension is not loaded
[08-Jun-2025 22:13:28 Asia/Manila] Redis extension is not loaded
[08-Jun-2025 22:13:30 Asia/Manila] Redis extension is not loaded
[08-Jun-2025 22:13:32 Asia/Manila] Redis extension is not loaded
[08-Jun-2025 22:13:38 Asia/Manila] Redis extension is not loaded
[08-Jun-2025 22:13:40 Asia/Manila] Redis extension is not loaded
[08-Jun-2025 22:15:19 Asia/Manila] Error in get_appointment_details.php: Appointment not found
[08-Jun-2025 22:31:31 Asia/Manila] Redis extension is not loaded
[08-Jun-2025 22:31:31 Asia/Manila] Redis extension is not loaded
[08-Jun-2025 22:31:32 Asia/Manila] Redis extension is not loaded
[08-Jun-2025 22:31:32 Asia/Manila] Redis extension is not loaded
[08-Jun-2025 22:31:32 Asia/Manila] Redis extension is not loaded
[08-Jun-2025 22:31:32 Asia/Manila] Redis extension is not loaded
[08-Jun-2025 22:31:43 Asia/Manila] PHP Fatal error:  Uncaught Error: Call to undefined function checkAuth() in C:\xampp\htdocs\doctor appoint\user\php\update_appointment.php:9
Stack trace:
#0 {main}
  thrown in C:\xampp\htdocs\doctor appoint\user\php\update_appointment.php on line 9
[08-Jun-2025 22:31:48 Asia/Manila] Redis extension is not loaded
[08-Jun-2025 22:31:48 Asia/Manila] Redis extension is not loaded
[08-Jun-2025 22:31:49 Asia/Manila] Redis extension is not loaded
[08-Jun-2025 22:31:49 Asia/Manila] Redis extension is not loaded
[08-Jun-2025 22:31:49 Asia/Manila] Redis extension is not loaded
[08-Jun-2025 22:31:49 Asia/Manila] Redis extension is not loaded
[08-Jun-2025 22:33:07 Asia/Manila] Redis extension is not loaded
[08-Jun-2025 22:33:07 Asia/Manila] Redis extension is not loaded
[08-Jun-2025 22:33:07 Asia/Manila] Redis extension is not loaded
[08-Jun-2025 22:33:08 Asia/Manila] Redis extension is not loaded
[08-Jun-2025 22:33:08 Asia/Manila] Redis extension is not loaded
[08-Jun-2025 22:33:08 Asia/Manila] Redis extension is not loaded
[08-Jun-2025 22:33:08 Asia/Manila] Redis extension is not loaded
[08-Jun-2025 22:33:08 Asia/Manila] Redis extension is not loaded
[08-Jun-2025 22:33:08 Asia/Manila] Redis extension is not loaded
[08-Jun-2025 22:33:08 Asia/Manila] Redis extension is not loaded
[08-Jun-2025 22:33:08 Asia/Manila] Redis extension is not loaded
[08-Jun-2025 22:33:08 Asia/Manila] Redis extension is not loaded
[08-Jun-2025 22:33:09 Asia/Manila] Redis extension is not loaded
[08-Jun-2025 22:33:09 Asia/Manila] Redis extension is not loaded
[08-Jun-2025 22:33:09 Asia/Manila] Redis extension is not loaded
[08-Jun-2025 22:33:09 Asia/Manila] Redis extension is not loaded
[08-Jun-2025 22:33:16 Asia/Manila] PHP Fatal error:  Uncaught Error: Call to undefined function checkAuth() in C:\xampp\htdocs\doctor appoint\user\php\update_appointment.php:9
Stack trace:
#0 {main}
  thrown in C:\xampp\htdocs\doctor appoint\user\php\update_appointment.php on line 9
[08-Jun-2025 22:33:39 Asia/Manila] PHP Fatal error:  Uncaught Error: Call to undefined function checkAuth() in C:\xampp\htdocs\doctor appoint\user\php\update_appointment.php:9
Stack trace:
#0 {main}
  thrown in C:\xampp\htdocs\doctor appoint\user\php\update_appointment.php on line 9
[08-Jun-2025 22:34:21 Asia/Manila] PHP Fatal error:  Uncaught Error: Call to undefined function checkAuth() in C:\xampp\htdocs\doctor appoint\user\php\update_appointment.php:9
Stack trace:
#0 {main}
  thrown in C:\xampp\htdocs\doctor appoint\user\php\update_appointment.php on line 9
[08-Jun-2025 22:38:46 Asia/Manila] Redis extension is not loaded
[08-Jun-2025 22:38:47 Asia/Manila] Redis extension is not loaded
[08-Jun-2025 22:38:47 Asia/Manila] Redis extension is not loaded
[08-Jun-2025 22:38:47 Asia/Manila] Redis extension is not loaded
[08-Jun-2025 22:39:02 Asia/Manila] Redis extension is not loaded
[08-Jun-2025 22:39:02 Asia/Manila] Redis extension is not loaded
[08-Jun-2025 22:39:03 Asia/Manila] Redis extension is not loaded
[08-Jun-2025 22:39:03 Asia/Manila] Redis extension is not loaded
[08-Jun-2025 22:39:03 Asia/Manila] Redis extension is not loaded
[08-Jun-2025 22:39:03 Asia/Manila] Redis extension is not loaded
[08-Jun-2025 22:39:03 Asia/Manila] Redis extension is not loaded
[08-Jun-2025 22:39:03 Asia/Manila] Redis extension is not loaded
[08-Jun-2025 22:39:03 Asia/Manila] Redis extension is not loaded
[08-Jun-2025 22:39:04 Asia/Manila] Redis extension is not loaded
[08-Jun-2025 22:46:51 Asia/Manila] Redis extension is not loaded
[08-Jun-2025 22:46:51 Asia/Manila] Redis extension is not loaded
[08-Jun-2025 22:46:54 Asia/Manila] Redis extension is not loaded
[08-Jun-2025 22:46:55 Asia/Manila] Redis extension is not loaded
[08-Jun-2025 22:46:55 Asia/Manila] Redis extension is not loaded
[08-Jun-2025 22:47:28 Asia/Manila] Request data: Array
(
    [appointmentId] => 7
    [status] => scheduled
    [newAppointmentDate] => 2025-06-09T03:00
)

[08-Jun-2025 22:48:01 Asia/Manila] Request data: Array
(
    [appointmentId] => 7
    [status] => completed
)

[08-Jun-2025 22:48:40 Asia/Manila] Request data: Array
(
    [appointmentId] => 7
    [status] => completed
)

[09-Jun-2025 02:13:42 Asia/Manila] Redis extension is not loaded
[09-Jun-2025 02:13:46 Asia/Manila] Redis extension is not loaded
[09-Jun-2025 02:13:48 Asia/Manila] Redis extension is not loaded
[09-Jun-2025 02:13:48 Asia/Manila] Redis extension is not loaded
[09-Jun-2025 02:13:55 Asia/Manila] PHP Fatal error:  Uncaught Error: Call to undefined function checkAuth() in C:\xampp\htdocs\doctor appoint\user\php\update_appointment.php:9
Stack trace:
#0 {main}
  thrown in C:\xampp\htdocs\doctor appoint\user\php\update_appointment.php on line 9
[09-Jun-2025 02:15:44 Asia/Manila] PHP Fatal error:  Uncaught Error: Call to undefined function checkAuth() in C:\xampp\htdocs\doctor appoint\user\php\update_appointment.php:9
Stack trace:
#0 {main}
  thrown in C:\xampp\htdocs\doctor appoint\user\php\update_appointment.php on line 9
[09-Jun-2025 02:16:11 Asia/Manila] PHP Fatal error:  Uncaught Error: Call to undefined function checkAuth() in C:\xampp\htdocs\doctor appoint\user\php\update_appointment.php:9
Stack trace:
#0 {main}
  thrown in C:\xampp\htdocs\doctor appoint\user\php\update_appointment.php on line 9
[09-Jun-2025 02:27:45 Asia/Manila] Redis extension is not loaded
[09-Jun-2025 02:27:45 Asia/Manila] Redis extension is not loaded
[09-Jun-2025 02:27:46 Asia/Manila] Redis extension is not loaded
[09-Jun-2025 02:27:46 Asia/Manila] Redis extension is not loaded
[09-Jun-2025 02:27:55 Asia/Manila] Redis extension is not loaded
[09-Jun-2025 02:32:37 Asia/Manila] Redis extension is not loaded
[09-Jun-2025 02:32:37 Asia/Manila] Redis extension is not loaded
[09-Jun-2025 02:33:24 Asia/Manila] Redis extension is not loaded
[09-Jun-2025 02:33:24 Asia/Manila] Redis extension is not loaded
[09-Jun-2025 02:33:24 Asia/Manila] Redis extension is not loaded
[09-Jun-2025 02:33:24 Asia/Manila] Redis extension is not loaded
[09-Jun-2025 02:33:24 Asia/Manila] Redis extension is not loaded
[09-Jun-2025 02:33:24 Asia/Manila] Redis extension is not loaded
[09-Jun-2025 02:36:56 Asia/Manila] Redis extension is not loaded
[09-Jun-2025 02:36:56 Asia/Manila] Redis extension is not loaded
[09-Jun-2025 02:36:57 Asia/Manila] Error in get_appointment_details.php: Appointment not found
[09-Jun-2025 02:37:50 Asia/Manila] Error in get_appointment_details.php: Appointment not found
[09-Jun-2025 02:37:58 Asia/Manila] Error in get_appointment_details.php: Appointment not found
[09-Jun-2025 02:40:09 Asia/Manila] Redis extension is not loaded
[09-Jun-2025 02:40:09 Asia/Manila] Redis extension is not loaded
[09-Jun-2025 02:40:12 Asia/Manila] Redis extension is not loaded
[09-Jun-2025 02:40:12 Asia/Manila] Redis extension is not loaded
[09-Jun-2025 02:44:57 Asia/Manila] Redis extension is not loaded
[09-Jun-2025 02:44:57 Asia/Manila] Redis extension is not loaded
[09-Jun-2025 02:44:57 Asia/Manila] Redis extension is not loaded
[09-Jun-2025 02:44:57 Asia/Manila] Redis extension is not loaded
[09-Jun-2025 02:55:35 Asia/Manila] Redis extension is not loaded
[09-Jun-2025 02:55:35 Asia/Manila] Redis extension is not loaded
[09-Jun-2025 02:55:44 Asia/Manila] Redis extension is not loaded
[09-Jun-2025 02:55:44 Asia/Manila] Redis extension is not loaded
[09-Jun-2025 02:55:50 Asia/Manila] Redis extension is not loaded
[09-Jun-2025 02:55:50 Asia/Manila] Redis extension is not loaded
[09-Jun-2025 02:56:13 Asia/Manila] Redis extension is not loaded
[09-Jun-2025 02:56:14 Asia/Manila] Redis extension is not loaded
[09-Jun-2025 02:56:14 Asia/Manila] Redis extension is not loaded
[09-Jun-2025 02:56:21 Asia/Manila] Redis extension is not loaded
[09-Jun-2025 02:56:21 Asia/Manila] Redis extension is not loaded
[09-Jun-2025 02:56:23 Asia/Manila] Redis extension is not loaded
[09-Jun-2025 02:56:23 Asia/Manila] Redis extension is not loaded
[09-Jun-2025 02:56:23 Asia/Manila] Redis extension is not loaded
[09-Jun-2025 02:57:26 Asia/Manila] Redis extension is not loaded
[09-Jun-2025 02:57:28 Asia/Manila] Redis extension is not loaded
[09-Jun-2025 02:57:28 Asia/Manila] Redis extension is not loaded
[09-Jun-2025 02:57:49 Asia/Manila] Redis extension is not loaded
[09-Jun-2025 02:57:49 Asia/Manila] Redis extension is not loaded
[09-Jun-2025 02:57:53 Asia/Manila] Redis extension is not loaded
[09-Jun-2025 02:58:07 Asia/Manila] Redis extension is not loaded
[09-Jun-2025 02:58:12 Asia/Manila] Redis extension is not loaded
[09-Jun-2025 02:58:16 Asia/Manila] Redis extension is not loaded
[09-Jun-2025 02:58:40 Asia/Manila] Logout error: SQLSTATE[42S02]: Base table or view not found: 1146 Table 'akasi.login_logs' doesn't exist
[09-Jun-2025 02:58:50 Asia/Manila] Redis extension is not loaded
[09-Jun-2025 02:58:50 Asia/Manila] Rate limiting disabled - Redis not available
[09-Jun-2025 02:59:00 Asia/Manila] Appointment Data - Date: 2025-06-26, Time: 14:00, Reason: asdadsasd
[09-Jun-2025 02:59:00 Asia/Manila] Combined DateTime: 2025-06-26 14:00:00
[09-Jun-2025 02:59:00 Asia/Manila] Inserting - PatientID: 1, DoctorID: 5, DateTime: 2025-06-26 14:00:00, Reason: asdadsasd
[09-Jun-2025 02:59:06 Asia/Manila] Redis extension is not loaded
[09-Jun-2025 02:59:06 Asia/Manila] Rate limiting disabled - Redis not available
[09-Jun-2025 02:59:17 Asia/Manila] Appointment Data - Date: 2025-06-27, Time: 15:00, Reason: asdasdasdas
[09-Jun-2025 02:59:17 Asia/Manila] Combined DateTime: 2025-06-27 15:00:00
[09-Jun-2025 02:59:17 Asia/Manila] Inserting - PatientID: 1, DoctorID: 5, DateTime: 2025-06-27 15:00:00, Reason: asdasdasdas
[09-Jun-2025 02:59:21 Asia/Manila] Redis extension is not loaded
[09-Jun-2025 02:59:21 Asia/Manila] Rate limiting disabled - Redis not available
[09-Jun-2025 02:59:26 Asia/Manila] Logout error: SQLSTATE[42S02]: Base table or view not found: 1146 Table 'akasi.login_logs' doesn't exist
[09-Jun-2025 02:59:33 Asia/Manila] Redis extension is not loaded
[09-Jun-2025 02:59:40 Asia/Manila] Redis extension is not loaded
[09-Jun-2025 02:59:40 Asia/Manila] Redis extension is not loaded
[09-Jun-2025 03:05:15 Asia/Manila] Redis extension is not loaded
[09-Jun-2025 03:05:42 Asia/Manila] Redis extension is not loaded
[09-Jun-2025 03:05:43 Asia/Manila] Redis extension is not loaded
[09-Jun-2025 03:06:19 Asia/Manila] Redis extension is not loaded
[09-Jun-2025 03:06:20 Asia/Manila] Redis extension is not loaded
[09-Jun-2025 03:06:26 Asia/Manila] Redis extension is not loaded
[09-Jun-2025 03:06:26 Asia/Manila] Redis extension is not loaded
[09-Jun-2025 03:06:29 Asia/Manila] Redis extension is not loaded
[09-Jun-2025 03:06:29 Asia/Manila] Redis extension is not loaded
[09-Jun-2025 03:06:42 Asia/Manila] Redis extension is not loaded
[09-Jun-2025 03:06:42 Asia/Manila] Redis extension is not loaded
[09-Jun-2025 03:07:11 Asia/Manila] Redis extension is not loaded
[09-Jun-2025 03:07:11 Asia/Manila] Redis extension is not loaded
[09-Jun-2025 03:07:14 Asia/Manila] Redis extension is not loaded
[09-Jun-2025 03:07:15 Asia/Manila] Redis extension is not loaded
[09-Jun-2025 03:07:42 Asia/Manila] Redis extension is not loaded
[09-Jun-2025 03:07:43 Asia/Manila] Redis extension is not loaded
[09-Jun-2025 03:10:36 Asia/Manila] Redis extension is not loaded
[09-Jun-2025 03:10:36 Asia/Manila] Redis extension is not loaded
[09-Jun-2025 03:10:51 Asia/Manila] Redis extension is not loaded
[09-Jun-2025 03:10:53 Asia/Manila] Redis extension is not loaded
[09-Jun-2025 03:11:14 Asia/Manila] Redis extension is not loaded
[09-Jun-2025 03:11:36 Asia/Manila] Redis extension is not loaded
[09-Jun-2025 03:15:03 Asia/Manila] Redis extension is not loaded
[09-Jun-2025 03:15:06 Asia/Manila] Redis extension is not loaded
[09-Jun-2025 03:15:06 Asia/Manila] Redis extension is not loaded
[09-Jun-2025 03:15:07 Asia/Manila] Redis extension is not loaded
[09-Jun-2025 03:15:07 Asia/Manila] Redis extension is not loaded
[09-Jun-2025 03:15:07 Asia/Manila] Redis extension is not loaded
[09-Jun-2025 03:15:07 Asia/Manila] Redis extension is not loaded
[09-Jun-2025 03:15:07 Asia/Manila] Redis extension is not loaded
[09-Jun-2025 03:17:53 Asia/Manila] Redis extension is not loaded
[09-Jun-2025 03:17:53 Asia/Manila] Redis extension is not loaded
[09-Jun-2025 03:17:54 Asia/Manila] Redis extension is not loaded
[09-Jun-2025 03:17:54 Asia/Manila] Redis extension is not loaded
[09-Jun-2025 03:17:54 Asia/Manila] Redis extension is not loaded
[09-Jun-2025 03:17:54 Asia/Manila] Redis extension is not loaded
[09-Jun-2025 03:17:54 Asia/Manila] Redis extension is not loaded
[09-Jun-2025 03:17:55 Asia/Manila] Redis extension is not loaded
[09-Jun-2025 03:17:58 Asia/Manila] Redis extension is not loaded
[09-Jun-2025 03:18:04 Asia/Manila] Logout error: SQLSTATE[42S02]: Base table or view not found: 1146 Table 'akasi.login_logs' doesn't exist
[09-Jun-2025 03:18:09 Asia/Manila] Redis extension is not loaded
[09-Jun-2025 03:18:11 Asia/Manila] Redis extension is not loaded
[09-Jun-2025 03:19:09 Asia/Manila] Redis extension is not loaded
[09-Jun-2025 03:19:59 Asia/Manila] Redis extension is not loaded
[09-Jun-2025 03:20:05 Asia/Manila] Redis extension is not loaded
[09-Jun-2025 03:20:05 Asia/Manila] Redis extension is not loaded
[09-Jun-2025 03:20:06 Asia/Manila] Redis extension is not loaded
[09-Jun-2025 03:20:08 Asia/Manila] Redis extension is not loaded
[09-Jun-2025 03:20:29 Asia/Manila] Redis extension is not loaded
[09-Jun-2025 03:23:55 Asia/Manila] Redis extension is not loaded
[09-Jun-2025 03:23:57 Asia/Manila] Redis extension is not loaded
[09-Jun-2025 03:23:59 Asia/Manila] Redis extension is not loaded
[09-Jun-2025 03:24:50 Asia/Manila] Redis extension is not loaded
[09-Jun-2025 03:24:55 Asia/Manila] Redis extension is not loaded
[09-Jun-2025 03:29:01 Asia/Manila] Redis extension is not loaded
[09-Jun-2025 03:29:02 Asia/Manila] Redis extension is not loaded
[09-Jun-2025 03:29:03 Asia/Manila] Redis extension is not loaded
[09-Jun-2025 03:29:03 Asia/Manila] Redis extension is not loaded
[09-Jun-2025 03:29:03 Asia/Manila] Redis extension is not loaded
[09-Jun-2025 03:29:03 Asia/Manila] Redis extension is not loaded
[09-Jun-2025 03:29:04 Asia/Manila] Redis extension is not loaded
[09-Jun-2025 03:29:04 Asia/Manila] Redis extension is not loaded
[09-Jun-2025 03:29:05 Asia/Manila] Redis extension is not loaded
[09-Jun-2025 03:29:06 Asia/Manila] Redis extension is not loaded
[09-Jun-2025 03:29:06 Asia/Manila] Redis extension is not loaded
[09-Jun-2025 03:29:06 Asia/Manila] Redis extension is not loaded
[09-Jun-2025 03:29:07 Asia/Manila] Redis extension is not loaded
[09-Jun-2025 03:29:07 Asia/Manila] Redis extension is not loaded
[09-Jun-2025 03:29:07 Asia/Manila] Redis extension is not loaded
[09-Jun-2025 03:29:07 Asia/Manila] Redis extension is not loaded
[09-Jun-2025 03:29:27 Asia/Manila] Redis extension is not loaded
[09-Jun-2025 03:33:26 Asia/Manila] Redis extension is not loaded
[09-Jun-2025 03:33:28 Asia/Manila] Redis extension is not loaded
[09-Jun-2025 03:36:50 Asia/Manila] Redis extension is not loaded
[09-Jun-2025 03:36:52 Asia/Manila] Redis extension is not loaded
[09-Jun-2025 03:36:52 Asia/Manila] Redis extension is not loaded
[09-Jun-2025 03:36:52 Asia/Manila] Redis extension is not loaded
[09-Jun-2025 03:36:52 Asia/Manila] Redis extension is not loaded
[09-Jun-2025 03:36:52 Asia/Manila] Redis extension is not loaded
[09-Jun-2025 03:38:05 Asia/Manila] Redis extension is not loaded
[09-Jun-2025 03:38:58 Asia/Manila] Redis extension is not loaded
[09-Jun-2025 03:38:59 Asia/Manila] Redis extension is not loaded
[09-Jun-2025 03:38:59 Asia/Manila] Redis extension is not loaded
[09-Jun-2025 03:40:23 Asia/Manila] Redis extension is not loaded
[09-Jun-2025 03:40:26 Asia/Manila] Redis extension is not loaded
[09-Jun-2025 03:41:58 Asia/Manila] Redis extension is not loaded
[09-Jun-2025 03:41:59 Asia/Manila] Redis extension is not loaded
[09-Jun-2025 03:41:59 Asia/Manila] Redis extension is not loaded
[09-Jun-2025 03:41:59 Asia/Manila] Redis extension is not loaded
[09-Jun-2025 03:42:00 Asia/Manila] Redis extension is not loaded
[09-Jun-2025 03:42:00 Asia/Manila] Redis extension is not loaded
[09-Jun-2025 03:42:01 Asia/Manila] Redis extension is not loaded
[09-Jun-2025 03:42:02 Asia/Manila] Redis extension is not loaded
[09-Jun-2025 03:42:02 Asia/Manila] Redis extension is not loaded
[09-Jun-2025 03:42:02 Asia/Manila] Redis extension is not loaded
[09-Jun-2025 03:42:03 Asia/Manila] Redis extension is not loaded
[09-Jun-2025 03:42:04 Asia/Manila] Redis extension is not loaded
[09-Jun-2025 03:42:05 Asia/Manila] Redis extension is not loaded
[09-Jun-2025 03:47:07 Asia/Manila] Redis extension is not loaded
[09-Jun-2025 03:47:07 Asia/Manila] Redis extension is not loaded
[09-Jun-2025 03:47:07 Asia/Manila] Redis extension is not loaded
[09-Jun-2025 03:47:07 Asia/Manila] Redis extension is not loaded
[09-Jun-2025 03:47:08 Asia/Manila] Redis extension is not loaded
[09-Jun-2025 03:47:46 Asia/Manila] Redis extension is not loaded
[09-Jun-2025 03:50:31 Asia/Manila] Redis extension is not loaded
[09-Jun-2025 03:50:31 Asia/Manila] Redis extension is not loaded
[09-Jun-2025 03:50:31 Asia/Manila] Redis extension is not loaded
[09-Jun-2025 03:50:32 Asia/Manila] Redis extension is not loaded
[09-Jun-2025 03:50:32 Asia/Manila] Redis extension is not loaded
[09-Jun-2025 03:53:37 Asia/Manila] Redis extension is not loaded
[09-Jun-2025 03:56:04 Asia/Manila] Redis extension is not loaded
[09-Jun-2025 03:56:14 Asia/Manila] Redis extension is not loaded
[09-Jun-2025 04:05:46 Asia/Manila] Redis extension is not loaded
[09-Jun-2025 04:05:47 Asia/Manila] Redis extension is not loaded
[09-Jun-2025 04:05:47 Asia/Manila] Redis extension is not loaded
[09-Jun-2025 04:05:47 Asia/Manila] Redis extension is not loaded
[09-Jun-2025 04:05:47 Asia/Manila] Redis extension is not loaded
[09-Jun-2025 04:05:47 Asia/Manila] Redis extension is not loaded
[09-Jun-2025 04:10:25 Asia/Manila] Redis extension is not loaded
[09-Jun-2025 04:10:25 Asia/Manila] Redis extension is not loaded
[09-Jun-2025 04:10:26 Asia/Manila] Redis extension is not loaded
[09-Jun-2025 04:10:26 Asia/Manila] Redis extension is not loaded
[09-Jun-2025 04:10:26 Asia/Manila] Redis extension is not loaded
[09-Jun-2025 04:10:26 Asia/Manila] Redis extension is not loaded
[09-Jun-2025 04:10:26 Asia/Manila] Redis extension is not loaded
[09-Jun-2025 04:10:27 Asia/Manila] Redis extension is not loaded
[09-Jun-2025 04:10:27 Asia/Manila] Redis extension is not loaded
[09-Jun-2025 04:10:28 Asia/Manila] Redis extension is not loaded
[09-Jun-2025 04:10:29 Asia/Manila] Redis extension is not loaded
[09-Jun-2025 04:10:29 Asia/Manila] Redis extension is not loaded
[09-Jun-2025 04:10:30 Asia/Manila] Redis extension is not loaded
[09-Jun-2025 04:10:37 Asia/Manila] Redis extension is not loaded
[09-Jun-2025 04:10:37 Asia/Manila] Redis extension is not loaded
[09-Jun-2025 04:10:42 Asia/Manila] Redis extension is not loaded
[09-Jun-2025 04:10:44 Asia/Manila] Redis extension is not loaded
[09-Jun-2025 04:10:46 Asia/Manila] Redis extension is not loaded
[09-Jun-2025 04:10:51 Asia/Manila] Redis extension is not loaded
[09-Jun-2025 04:11:03 Asia/Manila] Redis extension is not loaded
[09-Jun-2025 04:12:51 Asia/Manila] Redis extension is not loaded
[09-Jun-2025 04:13:18 Asia/Manila] Redis extension is not loaded
[09-Jun-2025 04:13:20 Asia/Manila] Redis extension is not loaded
[09-Jun-2025 04:17:16 Asia/Manila] Redis extension is not loaded
[09-Jun-2025 04:17:16 Asia/Manila] 2
[09-Jun-2025 04:17:52 Asia/Manila] Redis extension is not loaded
[09-Jun-2025 04:17:52 Asia/Manila] Redis extension is not loaded
[09-Jun-2025 04:22:22 Asia/Manila] Redis extension is not loaded
[09-Jun-2025 04:22:22 Asia/Manila] Redis extension is not loaded
[09-Jun-2025 04:22:46 Asia/Manila] Redis extension is not loaded
[09-Jun-2025 04:22:48 Asia/Manila] Redis extension is not loaded
[09-Jun-2025 04:24:44 Asia/Manila] Redis extension is not loaded
[09-Jun-2025 04:24:48 Asia/Manila] Redis extension is not loaded
[09-Jun-2025 04:26:04 Asia/Manila] Redis extension is not loaded
[09-Jun-2025 04:27:06 Asia/Manila] Redis extension is not loaded
[09-Jun-2025 04:27:06 Asia/Manila] Redis extension is not loaded
[09-Jun-2025 04:27:07 Asia/Manila] Redis extension is not loaded
[09-Jun-2025 04:27:07 Asia/Manila] Redis extension is not loaded
[09-Jun-2025 04:27:07 Asia/Manila] Redis extension is not loaded
[09-Jun-2025 04:27:07 Asia/Manila] Redis extension is not loaded
[09-Jun-2025 04:27:09 Asia/Manila] Redis extension is not loaded
[09-Jun-2025 04:27:09 Asia/Manila] Redis extension is not loaded
[09-Jun-2025 04:27:09 Asia/Manila] Redis extension is not loaded
[09-Jun-2025 04:27:10 Asia/Manila] Redis extension is not loaded
[09-Jun-2025 04:27:10 Asia/Manila] Redis extension is not loaded
[09-Jun-2025 04:27:10 Asia/Manila] Redis extension is not loaded
[09-Jun-2025 04:27:11 Asia/Manila] Redis extension is not loaded
[09-Jun-2025 04:27:25 Asia/Manila] Redis extension is not loaded
[09-Jun-2025 04:27:54 Asia/Manila] Redis extension is not loaded
[09-Jun-2025 04:28:06 Asia/Manila] Redis extension is not loaded
[09-Jun-2025 04:28:21 Asia/Manila] PHP Fatal error:  Cannot redeclare jsonResponse() (previously declared in C:\xampp\htdocs\doctor appoint\user\php\update_doctor_profile.php:92) in C:\xampp\htdocs\doctor appoint\user\php\functions.php on line 37
[09-Jun-2025 04:28:28 Asia/Manila] Redis extension is not loaded
[09-Jun-2025 04:28:39 Asia/Manila] Redis extension is not loaded
[09-Jun-2025 04:32:27 Asia/Manila] Redis extension is not loaded
[09-Jun-2025 04:32:27 Asia/Manila] Redis extension is not loaded
[09-Jun-2025 04:32:28 Asia/Manila] Redis extension is not loaded
[09-Jun-2025 04:33:16 Asia/Manila] Redis extension is not loaded
[09-Jun-2025 04:33:16 Asia/Manila] Redis extension is not loaded
[09-Jun-2025 04:33:26 Asia/Manila] Redis extension is not loaded
[09-Jun-2025 04:33:48 Asia/Manila] Redis extension is not loaded
[09-Jun-2025 04:33:53 Asia/Manila] PHP Fatal error:  Cannot redeclare jsonResponse() (previously declared in C:\xampp\htdocs\doctor appoint\user\php\update_doctor_profile.php:92) in C:\xampp\htdocs\doctor appoint\user\php\functions.php on line 37
[09-Jun-2025 04:34:58 Asia/Manila] PHP Fatal error:  Cannot redeclare jsonResponse() (previously declared in C:\xampp\htdocs\doctor appoint\user\php\update_doctor_profile.php:92) in C:\xampp\htdocs\doctor appoint\user\php\functions.php on line 37
[09-Jun-2025 04:35:34 Asia/Manila] PHP Fatal error:  Cannot redeclare jsonResponse() (previously declared in C:\xampp\htdocs\doctor appoint\user\php\update_doctor_profile.php:92) in C:\xampp\htdocs\doctor appoint\user\php\functions.php on line 37
[09-Jun-2025 04:36:13 Asia/Manila] PHP Fatal error:  Cannot redeclare jsonResponse() (previously declared in C:\xampp\htdocs\doctor appoint\user\php\update_doctor_profile.php:92) in C:\xampp\htdocs\doctor appoint\user\php\functions.php on line 37
[09-Jun-2025 04:36:39 Asia/Manila] Redis extension is not loaded
[09-Jun-2025 04:37:15 Asia/Manila] PHP Fatal error:  Cannot redeclare jsonResponse() (previously declared in C:\xampp\htdocs\doctor appoint\user\php\update_doctor_profile.php:92) in C:\xampp\htdocs\doctor appoint\user\php\functions.php on line 37
[09-Jun-2025 04:39:09 Asia/Manila] Redis extension is not loaded
[09-Jun-2025 04:39:21 Asia/Manila] PHP Fatal error:  Cannot redeclare jsonResponse() (previously declared in C:\xampp\htdocs\doctor appoint\user\php\update_doctor_profile.php:92) in C:\xampp\htdocs\doctor appoint\user\php\functions.php on line 37
[09-Jun-2025 04:42:55 Asia/Manila] Redis extension is not loaded
[09-Jun-2025 04:43:04 Asia/Manila] Redis extension is not loaded
[09-Jun-2025 04:43:07 Asia/Manila] Redis extension is not loaded
[09-Jun-2025 04:43:26 Asia/Manila] Redis extension is not loaded
[09-Jun-2025 04:43:29 Asia/Manila] Redis extension is not loaded
[09-Jun-2025 04:43:37 Asia/Manila] Redis extension is not loaded
[09-Jun-2025 04:43:51 Asia/Manila] Redis extension is not loaded
[09-Jun-2025 04:45:20 Asia/Manila] Redis extension is not loaded
[09-Jun-2025 04:45:27 Asia/Manila] Logout error: SQLSTATE[42S02]: Base table or view not found: 1146 Table 'akasi.login_logs' doesn't exist
[09-Jun-2025 04:45:40 Asia/Manila] Redis extension is not loaded
[09-Jun-2025 04:45:40 Asia/Manila] Rate limiting disabled - Redis not available
[09-Jun-2025 04:46:59 Asia/Manila] Error in get_appointment_details.php: Invalid appointment ID
[09-Jun-2025 04:54:17 Asia/Manila] Redis extension is not loaded
[09-Jun-2025 04:54:17 Asia/Manila] Rate limiting disabled - Redis not available
[09-Jun-2025 04:54:37 Asia/Manila] Redis extension is not loaded
[09-Jun-2025 04:54:37 Asia/Manila] Rate limiting disabled - Redis not available
[09-Jun-2025 05:09:58 Asia/Manila] Redis extension is not loaded
[09-Jun-2025 05:09:58 Asia/Manila] Rate limiting disabled - Redis not available
[09-Jun-2025 05:10:50 Asia/Manila] Redis extension is not loaded
[09-Jun-2025 05:10:50 Asia/Manila] Rate limiting disabled - Redis not available
[09-Jun-2025 05:11:05 Asia/Manila] Redis extension is not loaded
[09-Jun-2025 05:11:05 Asia/Manila] Rate limiting disabled - Redis not available
[09-Jun-2025 05:11:06 Asia/Manila] Redis extension is not loaded
[09-Jun-2025 05:11:06 Asia/Manila] Rate limiting disabled - Redis not available
[09-Jun-2025 05:11:46 Asia/Manila] Redis extension is not loaded
[09-Jun-2025 05:11:46 Asia/Manila] Rate limiting disabled - Redis not available
[09-Jun-2025 05:13:05 Asia/Manila] Redis extension is not loaded
[09-Jun-2025 05:13:05 Asia/Manila] Rate limiting disabled - Redis not available
[09-Jun-2025 05:21:36 Asia/Manila] 2
[09-Jun-2025 05:21:37 Asia/Manila] 2
[09-Jun-2025 05:24:13 Asia/Manila] Redis extension is not loaded
[09-Jun-2025 05:24:13 Asia/Manila] Rate limiting disabled - Redis not available
[09-Jun-2025 05:24:35 Asia/Manila] Error in get_appointment_details.php: Invalid appointment ID
[09-Jun-2025 05:27:02 Asia/Manila] Redis extension is not loaded
[09-Jun-2025 05:27:02 Asia/Manila] Rate limiting disabled - Redis not available
[09-Jun-2025 05:27:14 Asia/Manila] Appointment Data - Date: 2025-06-18, Time: 15:00, Reason: asdasdasd
[09-Jun-2025 05:27:14 Asia/Manila] Combined DateTime: 2025-06-18 15:00:00
[09-Jun-2025 05:27:14 Asia/Manila] Inserting - PatientID: 1, DoctorID: 5, DateTime: 2025-06-18 15:00:00, Reason: asdasdasd
[09-Jun-2025 05:52:32 Asia/Manila] Logout error: SQLSTATE[42S02]: Base table or view not found: 1146 Table 'akasi.login_logs' doesn't exist
[09-Jun-2025 05:52:50 Asia/Manila] Redis extension is not loaded
[09-Jun-2025 05:52:50 Asia/Manila] Rate limiting disabled - Redis not available
[09-Jun-2025 05:52:53 Asia/Manila] Redis extension is not loaded
[09-Jun-2025 05:52:53 Asia/Manila] Rate limiting disabled - Redis not available
[09-Jun-2025 05:52:55 Asia/Manila] Redis extension is not loaded
[09-Jun-2025 05:52:55 Asia/Manila] Rate limiting disabled - Redis not available
[09-Jun-2025 05:59:44 Asia/Manila] Redis extension is not loaded
[09-Jun-2025 05:59:44 Asia/Manila] Rate limiting disabled - Redis not available
[09-Jun-2025 06:24:30 Asia/Manila] Logout error: SQLSTATE[42S02]: Base table or view not found: 1146 Table 'akasi.login_logs' doesn't exist
[09-Jun-2025 08:44:03 Asia/Manila] Redis extension is not loaded
[09-Jun-2025 08:44:03 Asia/Manila] Rate limiting disabled - Redis not available
[09-Jun-2025 08:46:13 Asia/Manila] Redis extension is not loaded
[09-Jun-2025 08:46:13 Asia/Manila] Rate limiting disabled - Redis not available
[09-Jun-2025 08:46:16 Asia/Manila] Redis extension is not loaded
[09-Jun-2025 08:46:16 Asia/Manila] Rate limiting disabled - Redis not available
[09-Jun-2025 08:55:59 Asia/Manila] 2
[09-Jun-2025 08:59:55 Asia/Manila] 2
[09-Jun-2025 08:59:56 Asia/Manila] 2
[09-Jun-2025 08:59:56 Asia/Manila] 2
[09-Jun-2025 08:59:56 Asia/Manila] 2
[09-Jun-2025 08:59:57 Asia/Manila] 2
[09-Jun-2025 08:59:57 Asia/Manila] 2
[09-Jun-2025 08:59:57 Asia/Manila] 2
[09-Jun-2025 08:59:57 Asia/Manila] 2
[09-Jun-2025 08:59:57 Asia/Manila] 2
[09-Jun-2025 08:59:57 Asia/Manila] 2
[09-Jun-2025 08:59:58 Asia/Manila] 2
[09-Jun-2025 08:59:58 Asia/Manila] 2
[09-Jun-2025 08:59:58 Asia/Manila] 2
[09-Jun-2025 08:59:58 Asia/Manila] 2
[09-Jun-2025 08:59:58 Asia/Manila] 2
[09-Jun-2025 08:59:58 Asia/Manila] 2
[09-Jun-2025 08:59:59 Asia/Manila] 2
[09-Jun-2025 08:59:59 Asia/Manila] 2
[09-Jun-2025 08:59:59 Asia/Manila] 2
[09-Jun-2025 08:59:59 Asia/Manila] 2
[09-Jun-2025 09:00:02 Asia/Manila] 2
[09-Jun-2025 09:00:02 Asia/Manila] 2
[09-Jun-2025 09:00:02 Asia/Manila] 2
[09-Jun-2025 09:00:02 Asia/Manila] 2
[09-Jun-2025 09:00:03 Asia/Manila] 2
[09-Jun-2025 09:00:03 Asia/Manila] 2
[09-Jun-2025 09:00:03 Asia/Manila] 2
[09-Jun-2025 09:00:03 Asia/Manila] 2
[09-Jun-2025 09:00:03 Asia/Manila] 2
[09-Jun-2025 09:00:04 Asia/Manila] 2
[09-Jun-2025 09:00:04 Asia/Manila] 2
[09-Jun-2025 09:00:04 Asia/Manila] 2
[09-Jun-2025 09:00:04 Asia/Manila] 2
[09-Jun-2025 09:00:04 Asia/Manila] 2
[09-Jun-2025 09:00:04 Asia/Manila] 2
[09-Jun-2025 09:00:05 Asia/Manila] 2
[09-Jun-2025 09:16:16 Asia/Manila] Redis extension is not loaded
[09-Jun-2025 09:16:16 Asia/Manila] Rate limiting disabled - Redis not available
[09-Jun-2025 09:16:17 Asia/Manila] Redis extension is not loaded
[09-Jun-2025 09:16:17 Asia/Manila] Rate limiting disabled - Redis not available
[09-Jun-2025 09:22:07 Asia/Manila] Redis extension is not loaded
[09-Jun-2025 09:22:07 Asia/Manila] Rate limiting disabled - Redis not available
[09-Jun-2025 09:45:33 Asia/Manila] Redis extension is not loaded
[09-Jun-2025 09:45:33 Asia/Manila] Rate limiting disabled - Redis not available
[09-Jun-2025 09:45:44 Asia/Manila] Appointment Data - Date: 2025-06-18, Time: 15:00, Reason: asdasdasd
[09-Jun-2025 09:45:44 Asia/Manila] Combined DateTime: 2025-06-18 15:00:00
[09-Jun-2025 09:45:44 Asia/Manila] Inserting - PatientID: 1, DoctorID: 1, DateTime: 2025-06-18 15:00:00, Reason: asdasdasd
[09-Jun-2025 09:45:50 Asia/Manila] Redis extension is not loaded
[09-Jun-2025 09:45:50 Asia/Manila] Rate limiting disabled - Redis not available
[09-Jun-2025 09:45:58 Asia/Manila] Redis extension is not loaded
[09-Jun-2025 09:45:58 Asia/Manila] Rate limiting disabled - Redis not available
[09-Jun-2025 10:01:56 Asia/Manila] Redis extension is not loaded
[09-Jun-2025 10:01:56 Asia/Manila] Rate limiting disabled - Redis not available
[09-Jun-2025 10:17:48 Asia/Manila] Redis extension is not loaded
[09-Jun-2025 10:17:48 Asia/Manila] Rate limiting disabled - Redis not available
[09-Jun-2025 10:17:59 Asia/Manila] Appointment Data - Date: 2025-06-12, Time: 14:00, Reason: adssadasd
[09-Jun-2025 10:17:59 Asia/Manila] Combined DateTime: 2025-06-12 14:00:00
[09-Jun-2025 10:17:59 Asia/Manila] Inserting - PatientID: 1, DoctorID: 2, DateTime: 2025-06-12 14:00:00, Reason: adssadasd
[09-Jun-2025 10:18:19 Asia/Manila] Redis extension is not loaded
[09-Jun-2025 10:18:19 Asia/Manila] Rate limiting disabled - Redis not available
[09-Jun-2025 10:18:19 Asia/Manila] Error in cancel_appointment.php: SQLSTATE[42S02]: Base table or view not found: 1146 Table 'akasi.appointment_logs' doesn't exist
[09-Jun-2025 10:19:57 Asia/Manila] Redis extension is not loaded
[09-Jun-2025 10:19:57 Asia/Manila] Rate limiting disabled - Redis not available
[09-Jun-2025 10:19:57 Asia/Manila] Error in cancel_appointment.php: SQLSTATE[42S02]: Base table or view not found: 1146 Table 'akasi.appointment_logs' doesn't exist
[09-Jun-2025 10:26:43 Asia/Manila] Redis extension is not loaded
[09-Jun-2025 10:26:43 Asia/Manila] Rate limiting disabled - Redis not available
[09-Jun-2025 10:28:53 Asia/Manila] Redis extension is not loaded
[09-Jun-2025 10:28:53 Asia/Manila] Rate limiting disabled - Redis not available
[09-Jun-2025 10:28:53 Asia/Manila] Error in cancel_appointment.php: SQLSTATE[42S02]: Base table or view not found: 1146 Table 'akasi.appointment_logs' doesn't exist
[09-Jun-2025 10:29:57 Asia/Manila] Redis extension is not loaded
[09-Jun-2025 10:29:57 Asia/Manila] Rate limiting disabled - Redis not available
[09-Jun-2025 10:29:57 Asia/Manila] Error in cancel_appointment.php: SQLSTATE[42S02]: Base table or view not found: 1146 Table 'akasi.appointment_logs' doesn't exist
[13-Jun-2025 22:07:04 Asia/Manila] Redis extension is not loaded
[13-Jun-2025 22:07:04 Asia/Manila] Rate limiting disabled - Redis not available
[13-Jun-2025 22:07:39 Asia/Manila] Logout error: SQLSTATE[42S02]: Base table or view not found: 1146 Table 'akasi.login_logs' doesn't exist
[13-Jun-2025 22:07:47 Asia/Manila] Redis extension is not loaded
[13-Jun-2025 22:07:52 Asia/Manila] Redis extension is not loaded
[13-Jun-2025 22:07:53 Asia/Manila] Redis extension is not loaded
[13-Jun-2025 22:07:59 Asia/Manila] Redis extension is not loaded
[13-Jun-2025 22:08:10 Asia/Manila] Redis extension is not loaded
[13-Jun-2025 22:08:45 Asia/Manila] Logout error: SQLSTATE[42S02]: Base table or view not found: 1146 Table 'akasi.login_logs' doesn't exist
[01-Jul-2025 11:24:39 Asia/Manila] Redis extension is not loaded
[01-Jul-2025 11:31:40 Asia/Manila] Redis extension is not loaded
[01-Jul-2025 11:32:03 Asia/Manila] Redis extension is not loaded
[01-Jul-2025 11:32:05 Asia/Manila] Redis extension is not loaded
[01-Jul-2025 11:32:05 Asia/Manila] Redis extension is not loaded
[01-Jul-2025 11:32:07 Asia/Manila] Redis extension is not loaded
[01-Jul-2025 11:32:14 Asia/Manila] Redis extension is not loaded
[01-Jul-2025 11:32:29 Asia/Manila] Logout error: SQLSTATE[42S02]: Base table or view not found: 1146 Table 'akasi.login_logs' doesn't exist
[01-Jul-2025 11:32:34 Asia/Manila] Redis extension is not loaded
[01-Jul-2025 11:33:12 Asia/Manila] Redis extension is not loaded
[01-Jul-2025 11:33:31 Asia/Manila] Redis extension is not loaded
[01-Jul-2025 11:33:31 Asia/Manila] Rate limiting disabled - Redis not available
[01-Jul-2025 11:34:01 Asia/Manila] Redis extension is not loaded
[01-Jul-2025 11:34:01 Asia/Manila] Rate limiting disabled - Redis not available
[01-Jul-2025 11:34:57 Asia/Manila] Redis extension is not loaded
[01-Jul-2025 11:34:57 Asia/Manila] Rate limiting disabled - Redis not available
[01-Jul-2025 11:35:55 Asia/Manila] Redis extension is not loaded
[01-Jul-2025 11:35:55 Asia/Manila] Rate limiting disabled - Redis not available
[01-Jul-2025 11:36:00 Asia/Manila] Redis extension is not loaded
[01-Jul-2025 11:36:00 Asia/Manila] Rate limiting disabled - Redis not available
[01-Jul-2025 11:36:02 Asia/Manila] Redis extension is not loaded
[01-Jul-2025 11:36:02 Asia/Manila] Rate limiting disabled - Redis not available
[01-Jul-2025 11:36:05 Asia/Manila] Redis extension is not loaded
[01-Jul-2025 11:36:05 Asia/Manila] Rate limiting disabled - Redis not available
[01-Jul-2025 11:36:06 Asia/Manila] Redis extension is not loaded
[01-Jul-2025 11:36:06 Asia/Manila] Rate limiting disabled - Redis not available
[01-Jul-2025 11:36:13 Asia/Manila] Redis extension is not loaded
[01-Jul-2025 11:36:13 Asia/Manila] Rate limiting disabled - Redis not available
[01-Jul-2025 11:36:13 Asia/Manila] Redis extension is not loaded
[01-Jul-2025 11:36:13 Asia/Manila] Rate limiting disabled - Redis not available
[01-Jul-2025 11:36:15 Asia/Manila] Redis extension is not loaded
[01-Jul-2025 11:36:15 Asia/Manila] Rate limiting disabled - Redis not available
[01-Jul-2025 11:36:19 Asia/Manila] Redis extension is not loaded
[01-Jul-2025 11:36:19 Asia/Manila] Rate limiting disabled - Redis not available
[01-Jul-2025 11:36:24 Asia/Manila] Redis extension is not loaded
[01-Jul-2025 11:36:24 Asia/Manila] Rate limiting disabled - Redis not available
[01-Jul-2025 11:36:27 Asia/Manila] Redis extension is not loaded
[01-Jul-2025 11:36:27 Asia/Manila] Rate limiting disabled - Redis not available
[01-Jul-2025 11:36:29 Asia/Manila] Redis extension is not loaded
[01-Jul-2025 11:36:29 Asia/Manila] Rate limiting disabled - Redis not available
[01-Jul-2025 11:36:31 Asia/Manila] Redis extension is not loaded
[01-Jul-2025 11:36:31 Asia/Manila] Rate limiting disabled - Redis not available
[01-Jul-2025 11:36:33 Asia/Manila] Redis extension is not loaded
[01-Jul-2025 11:36:33 Asia/Manila] Rate limiting disabled - Redis not available
[01-Jul-2025 11:36:35 Asia/Manila] Redis extension is not loaded
[01-Jul-2025 11:36:35 Asia/Manila] Rate limiting disabled - Redis not available
[01-Jul-2025 11:36:37 Asia/Manila] Redis extension is not loaded
[01-Jul-2025 11:36:37 Asia/Manila] Rate limiting disabled - Redis not available
[01-Jul-2025 11:37:03 Asia/Manila] Appointment Data - Date: 2025-07-04, Time: 12:30, Reason: sakit ulo
[01-Jul-2025 11:37:03 Asia/Manila] Combined DateTime: 2025-07-04 12:30:00
[01-Jul-2025 11:37:03 Asia/Manila] Inserting - PatientID: 7, DoctorID: 6, DateTime: 2025-07-04 12:30:00, Reason: sakit ulo
[01-Jul-2025 11:37:31 Asia/Manila] Redis extension is not loaded
[01-Jul-2025 11:37:31 Asia/Manila] Rate limiting disabled - Redis not available
[01-Jul-2025 11:37:42 Asia/Manila] Appointment Data - Date: 2025-07-12, Time: 11:30, Reason: asasdasd
[01-Jul-2025 11:37:42 Asia/Manila] Combined DateTime: 2025-07-12 11:30:00
[01-Jul-2025 11:37:42 Asia/Manila] Inserting - PatientID: 7, DoctorID: 6, DateTime: 2025-07-12 11:30:00, Reason: asasdasd
[01-Jul-2025 11:37:44 Asia/Manila] Redis extension is not loaded
[01-Jul-2025 11:37:44 Asia/Manila] Rate limiting disabled - Redis not available
[01-Jul-2025 11:37:56 Asia/Manila] Appointment Data - Date: 2025-07-16, Time: 10:00, Reason: SADASD
[01-Jul-2025 11:37:56 Asia/Manila] Combined DateTime: 2025-07-16 10:00:00
[01-Jul-2025 11:37:56 Asia/Manila] Inserting - PatientID: 7, DoctorID: 6, DateTime: 2025-07-16 10:00:00, Reason: SADASD
[01-Jul-2025 11:38:00 Asia/Manila] Redis extension is not loaded
[01-Jul-2025 11:38:00 Asia/Manila] Rate limiting disabled - Redis not available
[01-Jul-2025 11:38:08 Asia/Manila] Appointment Data - Date: 2025-07-24, Time: 10:30, Reason: ASDASD
[01-Jul-2025 11:38:08 Asia/Manila] Combined DateTime: 2025-07-24 10:30:00
[01-Jul-2025 11:38:08 Asia/Manila] Inserting - PatientID: 7, DoctorID: 6, DateTime: 2025-07-24 10:30:00, Reason: ASDASD
[01-Jul-2025 11:53:29 Asia/Manila] Redis extension is not loaded
[01-Jul-2025 11:53:29 Asia/Manila] Rate limiting disabled - Redis not available
[01-Jul-2025 11:53:34 Asia/Manila] Redis extension is not loaded
[01-Jul-2025 11:53:34 Asia/Manila] Rate limiting disabled - Redis not available
[01-Jul-2025 11:53:41 Asia/Manila] Redis extension is not loaded
[01-Jul-2025 11:53:41 Asia/Manila] Rate limiting disabled - Redis not available
[01-Jul-2025 11:53:49 Asia/Manila] Appointment Data - Date: 2025-07-17, Time: 11:00, Reason: asdasdasdd
[01-Jul-2025 11:53:49 Asia/Manila] Combined DateTime: 2025-07-17 11:00:00
[01-Jul-2025 11:53:49 Asia/Manila] Inserting - PatientID: 7, DoctorID: 6, DateTime: 2025-07-17 11:00:00, Reason: asdasdasdd
[01-Jul-2025 11:53:51 Asia/Manila] Redis extension is not loaded
[01-Jul-2025 11:53:51 Asia/Manila] Rate limiting disabled - Redis not available
[01-Jul-2025 11:54:02 Asia/Manila] Appointment Data - Date: 2025-07-10, Time: 10:00, Reason: asdasdasd
[01-Jul-2025 11:54:02 Asia/Manila] Combined DateTime: 2025-07-10 10:00:00
[01-Jul-2025 11:54:02 Asia/Manila] Inserting - PatientID: 7, DoctorID: 6, DateTime: 2025-07-10 10:00:00, Reason: asdasdasd
[01-Jul-2025 11:54:03 Asia/Manila] Redis extension is not loaded
[01-Jul-2025 11:54:03 Asia/Manila] Rate limiting disabled - Redis not available
[01-Jul-2025 11:54:15 Asia/Manila] Appointment Data - Date: 2025-07-09, Time: 11:00, Reason: asdasdasd
[01-Jul-2025 11:54:15 Asia/Manila] Combined DateTime: 2025-07-09 11:00:00
[01-Jul-2025 11:54:15 Asia/Manila] Inserting - PatientID: 7, DoctorID: 5, DateTime: 2025-07-09 11:00:00, Reason: asdasdasd
[01-Jul-2025 12:00:05 Asia/Manila] Redis extension is not loaded
[01-Jul-2025 12:00:05 Asia/Manila] Rate limiting disabled - Redis not available
[02-Jul-2025 10:20:41 Asia/Manila] Logout error: SQLSTATE[42S02]: Base table or view not found: 1146 Table 'akasi.login_logs' doesn't exist
[02-Jul-2025 10:21:07 Asia/Manila] Logout error: SQLSTATE[42S02]: Base table or view not found: 1146 Table 'akasi.login_logs' doesn't exist
[02-Jul-2025 10:21:46 Asia/Manila] Redis extension is not loaded
[02-Jul-2025 10:21:56 Asia/Manila] Redis extension is not loaded
[02-Jul-2025 10:21:56 Asia/Manila] Redis extension is not loaded
[02-Jul-2025 10:22:00 Asia/Manila] Redis extension is not loaded
[02-Jul-2025 10:22:01 Asia/Manila] Redis extension is not loaded
[02-Jul-2025 10:22:01 Asia/Manila] Redis extension is not loaded
[02-Jul-2025 10:22:09 Asia/Manila] Redis extension is not loaded
[02-Jul-2025 10:22:11 Asia/Manila] Redis extension is not loaded
[02-Jul-2025 10:22:12 Asia/Manila] Redis extension is not loaded
[02-Jul-2025 10:22:13 Asia/Manila] Redis extension is not loaded
[02-Jul-2025 10:22:14 Asia/Manila] Redis extension is not loaded
[02-Jul-2025 10:22:15 Asia/Manila] Redis extension is not loaded
[02-Jul-2025 10:22:17 Asia/Manila] Redis extension is not loaded
[02-Jul-2025 10:22:20 Asia/Manila] Redis extension is not loaded
[02-Jul-2025 10:22:22 Asia/Manila] Redis extension is not loaded
[02-Jul-2025 10:22:28 Asia/Manila] Redis extension is not loaded
[02-Jul-2025 10:22:34 Asia/Manila] Redis extension is not loaded
[02-Jul-2025 10:22:34 Asia/Manila] Redis extension is not loaded
[02-Jul-2025 10:22:35 Asia/Manila] Redis extension is not loaded
[02-Jul-2025 10:22:41 Asia/Manila] Redis extension is not loaded
[02-Jul-2025 10:22:42 Asia/Manila] Redis extension is not loaded
[02-Jul-2025 10:22:42 Asia/Manila] Redis extension is not loaded
[02-Jul-2025 10:22:50 Asia/Manila] Redis extension is not loaded
[02-Jul-2025 10:23:13 Asia/Manila] Redis extension is not loaded
[02-Jul-2025 10:23:20 Asia/Manila] Redis extension is not loaded
[02-Jul-2025 10:23:40 Asia/Manila] Redis extension is not loaded
[02-Jul-2025 10:23:42 Asia/Manila] Redis extension is not loaded
[02-Jul-2025 10:23:48 Asia/Manila] Redis extension is not loaded
[02-Jul-2025 10:23:48 Asia/Manila] Redis extension is not loaded
[02-Jul-2025 10:24:00 Asia/Manila] Redis extension is not loaded
[02-Jul-2025 10:24:00 Asia/Manila] Redis extension is not loaded
[02-Jul-2025 10:24:03 Asia/Manila] Redis extension is not loaded
[02-Jul-2025 10:24:04 Asia/Manila] Redis extension is not loaded
[02-Jul-2025 10:24:08 Asia/Manila] Redis extension is not loaded
[02-Jul-2025 10:24:09 Asia/Manila] Redis extension is not loaded
[02-Jul-2025 10:24:10 Asia/Manila] Redis extension is not loaded
[02-Jul-2025 10:24:23 Asia/Manila] Redis extension is not loaded
[02-Jul-2025 10:24:23 Asia/Manila] Redis extension is not loaded
[02-Jul-2025 10:24:31 Asia/Manila] Redis extension is not loaded
[02-Jul-2025 10:24:32 Asia/Manila] Redis extension is not loaded
[02-Jul-2025 10:24:38 Asia/Manila] Redis extension is not loaded
[02-Jul-2025 10:24:38 Asia/Manila] Redis extension is not loaded
[02-Jul-2025 10:24:47 Asia/Manila] Redis extension is not loaded
[02-Jul-2025 10:24:49 Asia/Manila] Redis extension is not loaded
[02-Jul-2025 10:24:51 Asia/Manila] Redis extension is not loaded
[02-Jul-2025 10:24:51 Asia/Manila] Redis extension is not loaded
[02-Jul-2025 10:24:52 Asia/Manila] Redis extension is not loaded
[02-Jul-2025 10:25:00 Asia/Manila] Redis extension is not loaded
[02-Jul-2025 10:25:02 Asia/Manila] Redis extension is not loaded
[02-Jul-2025 10:25:03 Asia/Manila] Redis extension is not loaded
[02-Jul-2025 10:25:10 Asia/Manila] Redis extension is not loaded
[02-Jul-2025 10:25:17 Asia/Manila] Redis extension is not loaded
[02-Jul-2025 10:25:25 Asia/Manila] Redis extension is not loaded
[02-Jul-2025 10:25:50 Asia/Manila] Redis extension is not loaded
[02-Jul-2025 10:25:51 Asia/Manila] Redis extension is not loaded
[02-Jul-2025 10:25:53 Asia/Manila] Redis extension is not loaded
[02-Jul-2025 10:25:58 Asia/Manila] Redis extension is not loaded
[02-Jul-2025 10:26:03 Asia/Manila] Redis extension is not loaded
[02-Jul-2025 10:26:05 Asia/Manila] Redis extension is not loaded
[02-Jul-2025 10:26:10 Asia/Manila] Redis extension is not loaded
[02-Jul-2025 10:26:11 Asia/Manila] Redis extension is not loaded
[02-Jul-2025 10:26:18 Asia/Manila] Redis extension is not loaded
[02-Jul-2025 10:26:19 Asia/Manila] Redis extension is not loaded
[02-Jul-2025 10:26:19 Asia/Manila] Redis extension is not loaded
[02-Jul-2025 10:26:20 Asia/Manila] Redis extension is not loaded
[02-Jul-2025 10:26:22 Asia/Manila] Redis extension is not loaded
[02-Jul-2025 10:26:22 Asia/Manila] Redis extension is not loaded
[02-Jul-2025 10:26:27 Asia/Manila] Redis extension is not loaded
[02-Jul-2025 10:26:28 Asia/Manila] Redis extension is not loaded
[02-Jul-2025 10:26:28 Asia/Manila] Redis extension is not loaded
[02-Jul-2025 10:26:33 Asia/Manila] Redis extension is not loaded
[02-Jul-2025 10:26:35 Asia/Manila] Redis extension is not loaded
[02-Jul-2025 10:26:36 Asia/Manila] Redis extension is not loaded
[02-Jul-2025 10:27:24 Asia/Manila] Redis extension is not loaded
[02-Jul-2025 10:28:14 Asia/Manila] Redis extension is not loaded
[02-Jul-2025 10:28:15 Asia/Manila] Redis extension is not loaded
[02-Jul-2025 10:28:23 Asia/Manila] Redis extension is not loaded
[02-Jul-2025 10:29:17 Asia/Manila] Logout error: SQLSTATE[42S02]: Base table or view not found: 1146 Table 'akasi.login_logs' doesn't exist
[02-Jul-2025 10:29:28 Asia/Manila] Redis extension is not loaded
[02-Jul-2025 10:29:28 Asia/Manila] Rate limiting disabled - Redis not available
[02-Jul-2025 10:29:42 Asia/Manila] Appointment Data - Date: 2025-07-15, Time: 11:30, Reason: 123
[02-Jul-2025 10:29:42 Asia/Manila] Combined DateTime: 2025-07-15 11:30:00
[02-Jul-2025 10:29:42 Asia/Manila] Inserting - PatientID: 7, DoctorID: 6, DateTime: 2025-07-15 11:30:00, Reason: 123
[02-Jul-2025 10:30:06 Asia/Manila] Logout error: SQLSTATE[42S02]: Base table or view not found: 1146 Table 'akasi.login_logs' doesn't exist
[02-Jul-2025 10:30:18 Asia/Manila] Redis extension is not loaded
[02-Jul-2025 10:30:20 Asia/Manila] Redis extension is not loaded
[02-Jul-2025 10:30:20 Asia/Manila] Redis extension is not loaded
[02-Jul-2025 10:30:32 Asia/Manila] Redis extension is not loaded
[02-Jul-2025 10:30:33 Asia/Manila] Redis extension is not loaded
[02-Jul-2025 10:38:01 Asia/Manila] Redis extension is not loaded
[02-Jul-2025 10:38:02 Asia/Manila] Redis extension is not loaded
[02-Jul-2025 10:38:05 Asia/Manila] Logout error: SQLSTATE[42S02]: Base table or view not found: 1146 Table 'akasi.login_logs' doesn't exist
[02-Jul-2025 10:38:30 Asia/Manila] Redis extension is not loaded
[02-Jul-2025 10:38:30 Asia/Manila] Rate limiting disabled - Redis not available
[02-Jul-2025 10:38:39 Asia/Manila] Appointment Data - Date: 2025-07-03, Time: 10:00, Reason: asd
[02-Jul-2025 10:38:39 Asia/Manila] Combined DateTime: 2025-07-03 10:00:00
[02-Jul-2025 10:38:39 Asia/Manila] Inserting - PatientID: 7, DoctorID: 6, DateTime: 2025-07-03 10:00:00, Reason: asd
[02-Jul-2025 10:38:41 Asia/Manila] Redis extension is not loaded
[02-Jul-2025 10:38:41 Asia/Manila] Rate limiting disabled - Redis not available
[02-Jul-2025 10:38:53 Asia/Manila] Appointment Data - Date: 2025-07-03, Time: 10:00, Reason: asdasd
[02-Jul-2025 10:38:53 Asia/Manila] Combined DateTime: 2025-07-03 10:00:00
[02-Jul-2025 10:38:53 Asia/Manila] Booking Error: This time slot is already booked. Please select another time.
[02-Jul-2025 10:39:03 Asia/Manila] Appointment Data - Date: 2025-07-04, Time: 11:00, Reason: asdasd
[02-Jul-2025 10:39:03 Asia/Manila] Combined DateTime: 2025-07-04 11:00:00
[02-Jul-2025 10:39:03 Asia/Manila] Inserting - PatientID: 7, DoctorID: 6, DateTime: 2025-07-04 11:00:00, Reason: asdasd
[02-Jul-2025 10:39:07 Asia/Manila] Logout error: SQLSTATE[42S02]: Base table or view not found: 1146 Table 'akasi.login_logs' doesn't exist
[02-Jul-2025 10:39:12 Asia/Manila] Redis extension is not loaded
[02-Jul-2025 10:39:20 Asia/Manila] Redis extension is not loaded
[02-Jul-2025 10:39:22 Asia/Manila] Redis extension is not loaded
[02-Jul-2025 10:39:22 Asia/Manila] Redis extension is not loaded
[02-Jul-2025 10:39:28 Asia/Manila] Redis extension is not loaded
[02-Jul-2025 10:39:30 Asia/Manila] Redis extension is not loaded
[02-Jul-2025 10:39:31 Asia/Manila] Redis extension is not loaded
[02-Jul-2025 10:39:32 Asia/Manila] Redis extension is not loaded
[02-Jul-2025 10:39:32 Asia/Manila] Redis extension is not loaded
[02-Jul-2025 10:39:32 Asia/Manila] Redis extension is not loaded
[02-Jul-2025 10:40:02 Asia/Manila] Redis extension is not loaded
[02-Jul-2025 10:41:10 Asia/Manila] Redis extension is not loaded
[02-Jul-2025 10:41:24 Asia/Manila] Redis extension is not loaded
[02-Jul-2025 10:42:04 Asia/Manila] Redis extension is not loaded
[02-Jul-2025 10:45:58 Asia/Manila] Redis extension is not loaded
[02-Jul-2025 10:47:23 Asia/Manila] Redis extension is not loaded
[02-Jul-2025 10:53:33 Asia/Manila] Redis extension is not loaded
[02-Jul-2025 10:53:35 Asia/Manila] Redis extension is not loaded
[02-Jul-2025 10:56:35 Asia/Manila] Redis extension is not loaded
[02-Jul-2025 10:56:56 Asia/Manila] Redis extension is not loaded
[02-Jul-2025 10:56:58 Asia/Manila] Redis extension is not loaded
[02-Jul-2025 10:57:03 Asia/Manila] Redis extension is not loaded
[02-Jul-2025 10:57:05 Asia/Manila] Redis extension is not loaded
[02-Jul-2025 10:57:05 Asia/Manila] Redis extension is not loaded
[02-Jul-2025 10:57:09 Asia/Manila] Logout error: SQLSTATE[42S02]: Base table or view not found: 1146 Table 'akasi.login_logs' doesn't exist
[02-Jul-2025 11:04:58 Asia/Manila] Redis extension is not loaded
[02-Jul-2025 11:04:58 Asia/Manila] Rate limiting disabled - Redis not available
[02-Jul-2025 19:09:13 Asia/Manila] Database Connection Error: SQLSTATE[HY000] [1049] Unknown database 'akasi'
[02-Jul-2025 19:09:13 Asia/Manila] Login error: Database connection failed
[02-Jul-2025 19:09:31 Asia/Manila] Redis extension is not loaded
[02-Jul-2025 19:10:53 Asia/Manila] Redis extension is not loaded
[02-Jul-2025 19:10:53 Asia/Manila] Database Connection Error: SQLSTATE[HY000] [1049] Unknown database 'akasi'
[02-Jul-2025 19:10:53 Asia/Manila] Signup error: Database connection failed
[02-Jul-2025 19:10:53 Asia/Manila] Redis extension is not loaded
[02-Jul-2025 19:11:07 Asia/Manila] Database Connection Error: SQLSTATE[HY000] [1049] Unknown database 'akasi'
[02-Jul-2025 19:11:07 Asia/Manila] Login error: Database connection failed
[02-Jul-2025 19:13:45 Asia/Manila] Redis extension is not loaded
[02-Jul-2025 19:13:58 Asia/Manila] Database Connection Error: SQLSTATE[HY000] [1049] Unknown database 'akasi'
[02-Jul-2025 19:13:58 Asia/Manila] Login error: Database connection failed
[02-Jul-2025 19:18:23 Asia/Manila] Database Connection Error: SQLSTATE[HY000] [1049] Unknown database 'akasi'
[02-Jul-2025 19:18:23 Asia/Manila] Login error: Database connection failed
[02-Jul-2025 19:19:55 Asia/Manila] Database Connection Error: SQLSTATE[HY000] [1049] Unknown database 'akasi'
[02-Jul-2025 19:19:55 Asia/Manila] Login error: Database connection failed
[02-Jul-2025 19:20:55 Asia/Manila] Database Connection Error: SQLSTATE[HY000] [1049] Unknown database 'akasi'
[02-Jul-2025 19:20:55 Asia/Manila] Login error: Database connection failed
[02-Jul-2025 19:21:52 Asia/Manila] Database Connection Error: SQLSTATE[HY000] [1049] Unknown database 'akasi'
[02-Jul-2025 19:21:52 Asia/Manila] Login error: Database connection failed
[02-Jul-2025 21:15:53 Asia/Manila] Redis extension is not loaded
[02-Jul-2025 21:16:49 Asia/Manila] Database Connection Error: SQLSTATE[HY000] [1049] Unknown database 'akasi'
[02-Jul-2025 21:16:49 Asia/Manila] Login error: Database connection failed
[02-Jul-2025 21:17:49 Asia/Manila] Redis extension is not loaded
[02-Jul-2025 21:17:58 Asia/Manila] Redis extension is not loaded
[02-Jul-2025 21:19:41 Asia/Manila] Redis extension is not loaded
[02-Jul-2025 21:19:51 Asia/Manila] Redis extension is not loaded
[02-Jul-2025 21:21:26 Asia/Manila] Redis extension is not loaded
[02-Jul-2025 21:21:50 Asia/Manila] Redis extension is not loaded
[02-Jul-2025 21:21:50 Asia/Manila] Rate limiting disabled - Redis not available
[02-Jul-2025 21:22:02 Asia/Manila] Redis extension is not loaded
[02-Jul-2025 21:22:02 Asia/Manila] Rate limiting disabled - Redis not available
[02-Jul-2025 21:23:57 Asia/Manila] Logout error: SQLSTATE[42S02]: Base table or view not found: 1146 Table 'akasi.login_logs' doesn't exist
[02-Jul-2025 21:24:17 Asia/Manila] Redis extension is not loaded
[02-Jul-2025 21:26:01 Asia/Manila] Redis extension is not loaded
[02-Jul-2025 21:26:32 Asia/Manila] Redis extension is not loaded
[02-Jul-2025 21:26:38 Asia/Manila] Redis extension is not loaded
[02-Jul-2025 21:26:38 Asia/Manila] Redis extension is not loaded
[02-Jul-2025 22:14:50 Asia/Manila] Database Connection Error: SQLSTATE[HY000] [2002] php_network_getaddresses: getaddrinfo for sql103.infinityfree.com failed: No such host is known. 
[02-Jul-2025 22:14:50 Asia/Manila] Login error: Database connection failed
[02-Jul-2025 22:15:01 Asia/Manila] Database Connection Error: SQLSTATE[HY000] [2002] php_network_getaddresses: getaddrinfo for sql103.infinityfree.com failed: No such host is known. 
[02-Jul-2025 22:15:01 Asia/Manila] Login error: Database connection failed
[02-Jul-2025 22:15:22 Asia/Manila] Database Connection Error: SQLSTATE[HY000] [2002] php_network_getaddresses: getaddrinfo for sql103.infinityfree.com failed: No such host is known. 
[02-Jul-2025 22:15:22 Asia/Manila] Login error: Database connection failed
[02-Jul-2025 22:15:28 Asia/Manila] Database Connection Error: SQLSTATE[HY000] [2002] php_network_getaddresses: getaddrinfo for sql103.infinityfree.com failed: No such host is known. 
[02-Jul-2025 22:15:28 Asia/Manila] Login error: Database connection failed
[02-Jul-2025 22:16:32 Asia/Manila] Database Connection Error: SQLSTATE[HY000] [2002] php_network_getaddresses: getaddrinfo for sql103.infinityfree.com failed: No such host is known. 
[02-Jul-2025 22:16:32 Asia/Manila] Login error: Database connection failed
[02-Jul-2025 22:16:58 Asia/Manila] Database Connection Error: SQLSTATE[HY000] [2002] php_network_getaddresses: getaddrinfo for sql103.infinityfree.com failed: No such host is known. 
[02-Jul-2025 22:16:58 Asia/Manila] Login error: Database connection failed
[02-Jul-2025 22:17:26 Asia/Manila] Database Connection Error: SQLSTATE[HY000] [2002] php_network_getaddresses: getaddrinfo for sql103.infinityfree.com failed: No such host is known. 
[02-Jul-2025 22:17:26 Asia/Manila] Login error: Database connection failed
[02-Jul-2025 22:41:28 Asia/Manila] Redis extension is not loaded
[02-Jul-2025 22:41:28 Asia/Manila] Rate limiting disabled - Redis not available
[02-Jul-2025 22:59:38 Asia/Manila] Redis extension is not loaded
[02-Jul-2025 22:59:38 Asia/Manila] Rate limiting disabled - Redis not available
[02-Jul-2025 22:59:41 Asia/Manila] Redis extension is not loaded
[02-Jul-2025 22:59:41 Asia/Manila] Rate limiting disabled - Redis not available
[02-Jul-2025 22:59:43 Asia/Manila] Redis extension is not loaded
[02-Jul-2025 22:59:43 Asia/Manila] Rate limiting disabled - Redis not available
[03-Jul-2025 22:05:17 Asia/Manila] Database Connection Error: SQLSTATE[HY000] [2002] php_network_getaddresses: getaddrinfo for sql202.infinityfree.com failed: No such host is known. 
[03-Jul-2025 22:05:17 Asia/Manila] Login error: Database connection failed
[03-Jul-2025 22:07:13 Asia/Manila] Redis extension is not loaded
[03-Jul-2025 22:07:13 Asia/Manila] Rate limiting disabled - Redis not available
[03-Jul-2025 22:33:23 Asia/Manila] Redis extension is not loaded
[03-Jul-2025 22:33:23 Asia/Manila] Rate limiting disabled - Redis not available
[03-Jul-2025 22:44:08 Asia/Manila] Redis extension is not loaded
[03-Jul-2025 22:44:08 Asia/Manila] Rate limiting disabled - Redis not available
[03-Jul-2025 22:44:16 Asia/Manila] Redis extension is not loaded
[03-Jul-2025 22:44:16 Asia/Manila] Rate limiting disabled - Redis not available
[03-Jul-2025 22:44:29 Asia/Manila] Redis extension is not loaded
[03-Jul-2025 22:44:29 Asia/Manila] Rate limiting disabled - Redis not available
[03-Jul-2025 22:44:34 Asia/Manila] Redis extension is not loaded
[03-Jul-2025 22:44:34 Asia/Manila] Rate limiting disabled - Redis not available
[04-Jul-2025 15:54:13 Asia/Manila] Redis extension is not loaded
[04-Jul-2025 15:54:26 Asia/Manila] Redis extension is not loaded
[04-Jul-2025 15:56:37 Asia/Manila] Redis extension is not loaded
[04-Jul-2025 15:56:51 Asia/Manila] Redis extension is not loaded
[04-Jul-2025 15:57:19 Asia/Manila] Redis extension is not loaded
[04-Jul-2025 15:58:06 Asia/Manila] Redis extension is not loaded
[04-Jul-2025 15:58:40 Asia/Manila] Redis extension is not loaded
[04-Jul-2025 15:58:47 Asia/Manila] Redis extension is not loaded
[04-Jul-2025 15:58:57 Asia/Manila] Redis extension is not loaded
[04-Jul-2025 15:58:57 Asia/Manila] Redis extension is not loaded
[04-Jul-2025 15:59:00 Asia/Manila] Redis extension is not loaded
[04-Jul-2025 15:59:10 Asia/Manila] Redis extension is not loaded
[04-Jul-2025 16:06:18 Asia/Manila] Redis extension is not loaded
[04-Jul-2025 16:06:25 Asia/Manila] Redis extension is not loaded
[04-Jul-2025 16:06:48 Asia/Manila] Redis extension is not loaded
[04-Jul-2025 16:07:06 Asia/Manila] Redis extension is not loaded
[04-Jul-2025 16:07:07 Asia/Manila] Redis extension is not loaded
[04-Jul-2025 16:07:10 Asia/Manila] Redis extension is not loaded
[04-Jul-2025 16:07:18 Asia/Manila] Redis extension is not loaded
[04-Jul-2025 16:07:18 Asia/Manila] Redis extension is not loaded
[04-Jul-2025 16:07:19 Asia/Manila] Redis extension is not loaded
[04-Jul-2025 16:07:30 Asia/Manila] Redis extension is not loaded
[04-Jul-2025 16:07:31 Asia/Manila] Redis extension is not loaded
[04-Jul-2025 16:07:34 Asia/Manila] Redis extension is not loaded
[04-Jul-2025 16:07:35 Asia/Manila] Redis extension is not loaded
[04-Jul-2025 16:07:51 Asia/Manila] Redis extension is not loaded
[04-Jul-2025 16:07:53 Asia/Manila] Redis extension is not loaded
[04-Jul-2025 16:07:56 Asia/Manila] Redis extension is not loaded
[04-Jul-2025 16:07:58 Asia/Manila] Redis extension is not loaded
[04-Jul-2025 16:10:17 Asia/Manila] Redis extension is not loaded
[04-Jul-2025 16:10:18 Asia/Manila] Redis extension is not loaded
[04-Jul-2025 16:10:19 Asia/Manila] Redis extension is not loaded
[04-Jul-2025 16:10:19 Asia/Manila] 2
[04-Jul-2025 16:10:22 Asia/Manila] Redis extension is not loaded
[04-Jul-2025 16:10:22 Asia/Manila] 2
[04-Jul-2025 16:10:37 Asia/Manila] Redis extension is not loaded
[04-Jul-2025 16:10:37 Asia/Manila] 2
[04-Jul-2025 16:11:07 Asia/Manila] Redis extension is not loaded
[04-Jul-2025 16:11:07 Asia/Manila] 2
[04-Jul-2025 16:11:08 Asia/Manila] Redis extension is not loaded
[04-Jul-2025 16:11:08 Asia/Manila] 2
[04-Jul-2025 16:11:10 Asia/Manila] Redis extension is not loaded
[04-Jul-2025 16:11:10 Asia/Manila] 2
[04-Jul-2025 16:11:58 Asia/Manila] Redis extension is not loaded
[04-Jul-2025 16:11:58 Asia/Manila] 2
[04-Jul-2025 16:12:01 Asia/Manila] Redis extension is not loaded
[04-Jul-2025 16:12:02 Asia/Manila] Redis extension is not loaded
[04-Jul-2025 16:12:04 Asia/Manila] Redis extension is not loaded
[04-Jul-2025 16:12:04 Asia/Manila] 2
[04-Jul-2025 16:20:34 Asia/Manila] Redis extension is not loaded
[04-Jul-2025 16:20:34 Asia/Manila] Redis extension is not loaded
[04-Jul-2025 16:20:35 Asia/Manila] Redis extension is not loaded
[04-Jul-2025 16:20:35 Asia/Manila] Redis extension is not loaded
[04-Jul-2025 16:20:37 Asia/Manila] Redis extension is not loaded
[04-Jul-2025 16:20:41 Asia/Manila] Redis extension is not loaded
[04-Jul-2025 16:20:42 Asia/Manila] Redis extension is not loaded
[04-Jul-2025 16:20:42 Asia/Manila] Redis extension is not loaded
[04-Jul-2025 16:20:43 Asia/Manila] Redis extension is not loaded
[04-Jul-2025 16:20:43 Asia/Manila] Redis extension is not loaded
[04-Jul-2025 16:20:43 Asia/Manila] Redis extension is not loaded
[04-Jul-2025 16:20:43 Asia/Manila] Redis extension is not loaded
[04-Jul-2025 16:20:43 Asia/Manila] Redis extension is not loaded
[04-Jul-2025 16:20:44 Asia/Manila] Redis extension is not loaded
[04-Jul-2025 16:20:44 Asia/Manila] Redis extension is not loaded
[04-Jul-2025 16:20:44 Asia/Manila] Redis extension is not loaded
[04-Jul-2025 16:20:45 Asia/Manila] Redis extension is not loaded
[04-Jul-2025 16:20:45 Asia/Manila] Redis extension is not loaded
[04-Jul-2025 16:20:55 Asia/Manila] Redis extension is not loaded
[04-Jul-2025 16:20:55 Asia/Manila] Redis extension is not loaded
[04-Jul-2025 16:23:30 Asia/Manila] Redis extension is not loaded
[04-Jul-2025 16:23:30 Asia/Manila] Redis extension is not loaded
[04-Jul-2025 16:23:30 Asia/Manila] Redis extension is not loaded
[04-Jul-2025 16:23:31 Asia/Manila] Redis extension is not loaded
[04-Jul-2025 16:23:31 Asia/Manila] Redis extension is not loaded
[04-Jul-2025 16:23:31 Asia/Manila] Redis extension is not loaded
[04-Jul-2025 16:23:32 Asia/Manila] Redis extension is not loaded
[04-Jul-2025 16:23:34 Asia/Manila] Redis extension is not loaded
[04-Jul-2025 16:23:37 Asia/Manila] Logout error: SQLSTATE[42S02]: Base table or view not found: 1146 Table 'akasi.login_logs' doesn't exist
[04-Jul-2025 16:23:41 Asia/Manila] Redis extension is not loaded
[04-Jul-2025 16:23:51 Asia/Manila] Redis extension is not loaded
[04-Jul-2025 16:23:59 Asia/Manila] Redis extension is not loaded
[04-Jul-2025 16:23:59 Asia/Manila] Redis extension is not loaded
[04-Jul-2025 16:24:01 Asia/Manila] Redis extension is not loaded
[04-Jul-2025 17:21:35 Asia/Manila] Redis extension is not loaded
[04-Jul-2025 17:21:38 Asia/Manila] Redis extension is not loaded
[04-Jul-2025 17:22:11 Asia/Manila] Redis extension is not loaded
[04-Jul-2025 17:22:11 Asia/Manila] Redis extension is not loaded
[04-Jul-2025 17:22:13 Asia/Manila] Redis extension is not loaded
[04-Jul-2025 17:22:14 Asia/Manila] Redis extension is not loaded
[04-Jul-2025 17:34:33 Asia/Manila] Redis extension is not loaded
[04-Jul-2025 17:34:33 Asia/Manila] Redis extension is not loaded
[04-Jul-2025 17:34:36 Asia/Manila] Redis extension is not loaded
[04-Jul-2025 17:35:23 Asia/Manila] Redis extension is not loaded
[04-Jul-2025 17:35:23 Asia/Manila] Redis extension is not loaded
[04-Jul-2025 17:41:03 Asia/Manila] Redis extension is not loaded
[04-Jul-2025 17:42:02 Asia/Manila] Redis extension is not loaded
[04-Jul-2025 17:47:59 Asia/Manila] Redis extension is not loaded
[04-Jul-2025 17:47:59 Asia/Manila] Redis extension is not loaded
[04-Jul-2025 17:48:01 Asia/Manila] Redis extension is not loaded
[04-Jul-2025 18:08:07 Asia/Manila] Redis extension is not loaded
[04-Jul-2025 18:08:07 Asia/Manila] 2
[04-Jul-2025 18:08:08 Asia/Manila] Redis extension is not loaded
[04-Jul-2025 18:08:08 Asia/Manila] 2
[04-Jul-2025 18:08:09 Asia/Manila] Redis extension is not loaded
[04-Jul-2025 18:08:09 Asia/Manila] Redis extension is not loaded
[04-Jul-2025 18:08:09 Asia/Manila] Redis extension is not loaded
[04-Jul-2025 18:08:09 Asia/Manila] Redis extension is not loaded
[04-Jul-2025 18:08:10 Asia/Manila] Redis extension is not loaded
[04-Jul-2025 18:08:10 Asia/Manila] Redis extension is not loaded
[04-Jul-2025 18:08:11 Asia/Manila] Redis extension is not loaded
[04-Jul-2025 18:08:11 Asia/Manila] Redis extension is not loaded
[04-Jul-2025 18:08:11 Asia/Manila] Redis extension is not loaded
[04-Jul-2025 18:08:11 Asia/Manila] Redis extension is not loaded
[04-Jul-2025 18:08:12 Asia/Manila] Redis extension is not loaded
[04-Jul-2025 18:08:12 Asia/Manila] 2
[04-Jul-2025 18:08:13 Asia/Manila] Redis extension is not loaded
[04-Jul-2025 18:08:13 Asia/Manila] Redis extension is not loaded
[04-Jul-2025 18:08:55 Asia/Manila] Redis extension is not loaded
[04-Jul-2025 18:08:55 Asia/Manila] Redis extension is not loaded
[04-Jul-2025 18:08:56 Asia/Manila] Redis extension is not loaded
[04-Jul-2025 18:08:56 Asia/Manila] 2
[04-Jul-2025 18:08:58 Asia/Manila] Redis extension is not loaded
[04-Jul-2025 18:08:58 Asia/Manila] Redis extension is not loaded
[04-Jul-2025 18:09:16 Asia/Manila] Redis extension is not loaded
[04-Jul-2025 18:09:16 Asia/Manila] Redis extension is not loaded
[04-Jul-2025 18:09:18 Asia/Manila] Redis extension is not loaded
[04-Jul-2025 18:13:14 Asia/Manila] Redis extension is not loaded
[04-Jul-2025 18:13:38 Asia/Manila] Redis extension is not loaded
[04-Jul-2025 18:13:39 Asia/Manila] Redis extension is not loaded
[04-Jul-2025 18:13:40 Asia/Manila] Redis extension is not loaded
[04-Jul-2025 18:13:41 Asia/Manila] Redis extension is not loaded
[04-Jul-2025 18:13:43 Asia/Manila] Redis extension is not loaded
[04-Jul-2025 18:13:44 Asia/Manila] Redis extension is not loaded
[04-Jul-2025 18:13:48 Asia/Manila] Redis extension is not loaded
[04-Jul-2025 18:13:49 Asia/Manila] Redis extension is not loaded
[04-Jul-2025 18:13:51 Asia/Manila] Redis extension is not loaded
[04-Jul-2025 18:13:51 Asia/Manila] Redis extension is not loaded
[04-Jul-2025 18:13:52 Asia/Manila] Redis extension is not loaded
[04-Jul-2025 18:15:25 Asia/Manila] Redis extension is not loaded
[04-Jul-2025 18:15:25 Asia/Manila] Redis extension is not loaded
[04-Jul-2025 18:15:28 Asia/Manila] Redis extension is not loaded
[04-Jul-2025 18:15:29 Asia/Manila] Redis extension is not loaded
[04-Jul-2025 18:15:29 Asia/Manila] Redis extension is not loaded
[04-Jul-2025 18:15:30 Asia/Manila] Redis extension is not loaded
[04-Jul-2025 18:23:05 Asia/Manila] Redis extension is not loaded
[04-Jul-2025 18:23:05 Asia/Manila] Redis extension is not loaded
[04-Jul-2025 18:23:56 Asia/Manila] Redis extension is not loaded
[04-Jul-2025 18:24:03 Asia/Manila] Redis extension is not loaded
[04-Jul-2025 18:24:16 Asia/Manila] Redis extension is not loaded
[04-Jul-2025 18:24:16 Asia/Manila] Redis extension is not loaded
[04-Jul-2025 18:24:18 Asia/Manila] Redis extension is not loaded
[04-Jul-2025 18:25:48 Asia/Manila] Redis extension is not loaded
[04-Jul-2025 18:25:49 Asia/Manila] Redis extension is not loaded
[04-Jul-2025 18:25:51 Asia/Manila] Redis extension is not loaded
[04-Jul-2025 18:26:07 Asia/Manila] Redis extension is not loaded
[04-Jul-2025 18:26:10 Asia/Manila] Redis extension is not loaded
[04-Jul-2025 18:26:11 Asia/Manila] Redis extension is not loaded
[04-Jul-2025 18:28:45 Asia/Manila] Redis extension is not loaded
[04-Jul-2025 18:28:48 Asia/Manila] Redis extension is not loaded
[04-Jul-2025 18:28:48 Asia/Manila] Redis extension is not loaded
[04-Jul-2025 18:28:50 Asia/Manila] Redis extension is not loaded
[04-Jul-2025 18:28:52 Asia/Manila] Redis extension is not loaded
[04-Jul-2025 18:28:54 Asia/Manila] Redis extension is not loaded
[04-Jul-2025 18:28:55 Asia/Manila] Redis extension is not loaded
[04-Jul-2025 18:28:56 Asia/Manila] Redis extension is not loaded
[04-Jul-2025 18:28:56 Asia/Manila] Redis extension is not loaded
[04-Jul-2025 18:28:56 Asia/Manila] Redis extension is not loaded
[04-Jul-2025 18:48:33 Asia/Manila] Redis extension is not loaded
[04-Jul-2025 18:48:33 Asia/Manila] Rate limiting disabled - Redis not available
[04-Jul-2025 18:48:44 Asia/Manila] Redis extension is not loaded
[04-Jul-2025 18:48:44 Asia/Manila] Rate limiting disabled - Redis not available
[04-Jul-2025 18:49:12 Asia/Manila] Redis extension is not loaded
[04-Jul-2025 18:49:12 Asia/Manila] Rate limiting disabled - Redis not available
[04-Jul-2025 18:50:08 Asia/Manila] Redis extension is not loaded
[04-Jul-2025 18:50:08 Asia/Manila] Rate limiting disabled - Redis not available
[04-Jul-2025 18:50:10 Asia/Manila] Redis extension is not loaded
[04-Jul-2025 18:50:10 Asia/Manila] Rate limiting disabled - Redis not available
[04-Jul-2025 18:50:11 Asia/Manila] Redis extension is not loaded
[04-Jul-2025 18:50:11 Asia/Manila] Rate limiting disabled - Redis not available
[04-Jul-2025 18:50:12 Asia/Manila] Redis extension is not loaded
[04-Jul-2025 18:50:12 Asia/Manila] Rate limiting disabled - Redis not available
[04-Jul-2025 18:50:14 Asia/Manila] Redis extension is not loaded
[04-Jul-2025 18:50:14 Asia/Manila] Rate limiting disabled - Redis not available
[04-Jul-2025 18:50:17 Asia/Manila] Redis extension is not loaded
[04-Jul-2025 18:50:17 Asia/Manila] Rate limiting disabled - Redis not available
[04-Jul-2025 18:50:36 Asia/Manila] Redis extension is not loaded
[04-Jul-2025 18:50:36 Asia/Manila] Rate limiting disabled - Redis not available
[04-Jul-2025 18:54:27 Asia/Manila] Redis extension is not loaded
[04-Jul-2025 18:54:27 Asia/Manila] Rate limiting disabled - Redis not available
[04-Jul-2025 18:54:35 Asia/Manila] Redis extension is not loaded
[04-Jul-2025 18:54:35 Asia/Manila] Rate limiting disabled - Redis not available
[04-Jul-2025 18:55:56 Asia/Manila] Redis extension is not loaded
[04-Jul-2025 18:55:56 Asia/Manila] Rate limiting disabled - Redis not available
[04-Jul-2025 18:56:05 Asia/Manila] Redis extension is not loaded
[04-Jul-2025 18:56:05 Asia/Manila] Rate limiting disabled - Redis not available
[04-Jul-2025 18:56:18 Asia/Manila] Redis extension is not loaded
[04-Jul-2025 18:56:18 Asia/Manila] Rate limiting disabled - Redis not available
[04-Jul-2025 18:56:42 Asia/Manila] Redis extension is not loaded
[04-Jul-2025 18:56:42 Asia/Manila] Rate limiting disabled - Redis not available
[04-Jul-2025 18:56:49 Asia/Manila] Redis extension is not loaded
[04-Jul-2025 18:56:49 Asia/Manila] Rate limiting disabled - Redis not available
[04-Jul-2025 18:57:15 Asia/Manila] Redis extension is not loaded
[04-Jul-2025 18:57:15 Asia/Manila] Rate limiting disabled - Redis not available
[04-Jul-2025 18:57:18 Asia/Manila] Redis extension is not loaded
[04-Jul-2025 18:57:18 Asia/Manila] Rate limiting disabled - Redis not available
[04-Jul-2025 18:57:29 Asia/Manila] Redis extension is not loaded
[04-Jul-2025 18:57:29 Asia/Manila] Rate limiting disabled - Redis not available
[04-Jul-2025 18:57:35 Asia/Manila] Redis extension is not loaded
[04-Jul-2025 18:57:35 Asia/Manila] Rate limiting disabled - Redis not available
[04-Jul-2025 18:57:46 Asia/Manila] Redis extension is not loaded
[04-Jul-2025 18:57:46 Asia/Manila] Rate limiting disabled - Redis not available
[04-Jul-2025 18:58:01 Asia/Manila] Redis extension is not loaded
[04-Jul-2025 18:58:01 Asia/Manila] Rate limiting disabled - Redis not available
[04-Jul-2025 18:58:09 Asia/Manila] Redis extension is not loaded
[04-Jul-2025 18:58:09 Asia/Manila] Rate limiting disabled - Redis not available
[04-Jul-2025 18:58:46 Asia/Manila] Redis extension is not loaded
[04-Jul-2025 18:58:46 Asia/Manila] Rate limiting disabled - Redis not available
[04-Jul-2025 18:59:41 Asia/Manila] Redis extension is not loaded
[04-Jul-2025 18:59:41 Asia/Manila] Rate limiting disabled - Redis not available
[04-Jul-2025 19:00:14 Asia/Manila] Redis extension is not loaded
[04-Jul-2025 19:00:14 Asia/Manila] Rate limiting disabled - Redis not available
[04-Jul-2025 19:01:00 Asia/Manila] Logout error: SQLSTATE[42S02]: Base table or view not found: 1146 Table 'akasi.login_logs' doesn't exist
[04-Jul-2025 19:03:00 Asia/Manila] Redis extension is not loaded
[04-Jul-2025 19:03:00 Asia/Manila] Rate limiting disabled - Redis not available
[04-Jul-2025 19:03:13 Asia/Manila] Redis extension is not loaded
[04-Jul-2025 19:03:13 Asia/Manila] Rate limiting disabled - Redis not available
[04-Jul-2025 19:04:06 Asia/Manila] Redis extension is not loaded
[04-Jul-2025 19:04:06 Asia/Manila] Rate limiting disabled - Redis not available
[04-Jul-2025 19:04:08 Asia/Manila] Redis extension is not loaded
[04-Jul-2025 19:04:08 Asia/Manila] Rate limiting disabled - Redis not available
[04-Jul-2025 19:04:15 Asia/Manila] Redis extension is not loaded
[04-Jul-2025 19:04:15 Asia/Manila] Rate limiting disabled - Redis not available
[04-Jul-2025 19:05:19 Asia/Manila] Redis extension is not loaded
[04-Jul-2025 19:05:19 Asia/Manila] Rate limiting disabled - Redis not available
[04-Jul-2025 19:07:13 Asia/Manila] Redis extension is not loaded
[04-Jul-2025 19:07:13 Asia/Manila] Rate limiting disabled - Redis not available
[04-Jul-2025 19:11:48 Asia/Manila] Redis extension is not loaded
[04-Jul-2025 19:11:48 Asia/Manila] Rate limiting disabled - Redis not available
[04-Jul-2025 19:12:18 Asia/Manila] Redis extension is not loaded
[04-Jul-2025 19:12:18 Asia/Manila] Rate limiting disabled - Redis not available
[04-Jul-2025 19:15:35 Asia/Manila] Redis extension is not loaded
[04-Jul-2025 19:15:35 Asia/Manila] Rate limiting disabled - Redis not available
[04-Jul-2025 19:15:40 Asia/Manila] Redis extension is not loaded
[04-Jul-2025 19:15:40 Asia/Manila] Rate limiting disabled - Redis not available
[04-Jul-2025 19:15:43 Asia/Manila] Redis extension is not loaded
[04-Jul-2025 19:15:43 Asia/Manila] Rate limiting disabled - Redis not available
[04-Jul-2025 19:17:58 Asia/Manila] Redis extension is not loaded
[04-Jul-2025 19:17:58 Asia/Manila] Rate limiting disabled - Redis not available
[04-Jul-2025 19:18:02 Asia/Manila] Redis extension is not loaded
[04-Jul-2025 19:18:02 Asia/Manila] Rate limiting disabled - Redis not available
[04-Jul-2025 19:19:32 Asia/Manila] Redis extension is not loaded
[04-Jul-2025 19:19:32 Asia/Manila] Rate limiting disabled - Redis not available
[04-Jul-2025 19:19:47 Asia/Manila] Redis extension is not loaded
[04-Jul-2025 19:19:47 Asia/Manila] Rate limiting disabled - Redis not available
[04-Jul-2025 19:19:59 Asia/Manila] Redis extension is not loaded
[04-Jul-2025 19:19:59 Asia/Manila] Rate limiting disabled - Redis not available
[04-Jul-2025 19:20:49 Asia/Manila] Redis extension is not loaded
[04-Jul-2025 19:20:49 Asia/Manila] Rate limiting disabled - Redis not available
[04-Jul-2025 19:21:29 Asia/Manila] Redis extension is not loaded
[04-Jul-2025 19:21:29 Asia/Manila] Rate limiting disabled - Redis not available
[04-Jul-2025 19:21:31 Asia/Manila] Redis extension is not loaded
[04-Jul-2025 19:21:31 Asia/Manila] Rate limiting disabled - Redis not available
[04-Jul-2025 19:21:34 Asia/Manila] Redis extension is not loaded
[04-Jul-2025 19:21:34 Asia/Manila] Rate limiting disabled - Redis not available
[04-Jul-2025 19:21:41 Asia/Manila] Redis extension is not loaded
[04-Jul-2025 19:21:41 Asia/Manila] Rate limiting disabled - Redis not available
[04-Jul-2025 19:22:08 Asia/Manila] Redis extension is not loaded
[04-Jul-2025 19:22:08 Asia/Manila] Rate limiting disabled - Redis not available
[04-Jul-2025 19:29:14 Asia/Manila] Redis extension is not loaded
[04-Jul-2025 19:29:14 Asia/Manila] Rate limiting disabled - Redis not available
[04-Jul-2025 19:49:29 Asia/Manila] Redis extension is not loaded
[04-Jul-2025 19:49:29 Asia/Manila] Rate limiting disabled - Redis not available
[04-Jul-2025 19:51:40 Asia/Manila] Redis extension is not loaded
[04-Jul-2025 19:51:40 Asia/Manila] Rate limiting disabled - Redis not available
[04-Jul-2025 20:28:13 Asia/Manila] Redis extension is not loaded
[04-Jul-2025 20:28:13 Asia/Manila] Rate limiting disabled - Redis not available
[04-Jul-2025 20:29:19 Asia/Manila] Redis extension is not loaded
[04-Jul-2025 20:29:19 Asia/Manila] Rate limiting disabled - Redis not available
[04-Jul-2025 20:29:27 Asia/Manila] Redis extension is not loaded
[04-Jul-2025 20:29:27 Asia/Manila] Rate limiting disabled - Redis not available
[04-Jul-2025 20:29:32 Asia/Manila] Redis extension is not loaded
[04-Jul-2025 20:29:32 Asia/Manila] Rate limiting disabled - Redis not available
[04-Jul-2025 20:29:34 Asia/Manila] Redis extension is not loaded
[04-Jul-2025 20:29:34 Asia/Manila] Rate limiting disabled - Redis not available
[03-Feb-2026 16:44:38 Asia/Manila] Redis extension is not loaded
[03-Feb-2026 16:44:58 Asia/Manila] Database Connection Error: SQLSTATE[HY000] [2002] No connection could be made because the target machine actively refused it
[03-Feb-2026 16:44:58 Asia/Manila] Login error: Database connection failed
[03-Feb-2026 16:53:35 Asia/Manila] Database Connection Error: SQLSTATE[HY000] [2002] No connection could be made because the target machine actively refused it
[03-Feb-2026 16:53:35 Asia/Manila] Login error: Database connection failed
[03-Feb-2026 16:53:41 Asia/Manila] Redis extension is not loaded
[03-Feb-2026 16:54:37 Asia/Manila] Redis extension is not loaded
[03-Feb-2026 17:55:44 Asia/Manila] Redis extension is not loaded
[03-Feb-2026 17:59:58 Asia/Manila] Redis extension is not loaded
[03-Feb-2026 18:00:39 Asia/Manila] Redis extension is not loaded
[03-Feb-2026 18:07:50 Asia/Manila] Redis extension is not loaded
[03-Feb-2026 18:11:12 Asia/Manila] Redis extension is not loaded
[03-Feb-2026 18:14:58 Asia/Manila] Redis extension is not loaded
[03-Feb-2026 18:30:33 Asia/Manila] Redis extension is not loaded
[03-Feb-2026 18:42:45 Asia/Manila] Redis extension is not loaded
[03-Feb-2026 18:44:50 Asia/Manila] Redis extension is not loaded
[03-Feb-2026 18:45:03 Asia/Manila] Redis extension is not loaded
[03-Feb-2026 18:45:17 Asia/Manila] Redis extension is not loaded
[03-Feb-2026 18:45:24 Asia/Manila] Redis extension is not loaded
[03-Feb-2026 18:45:24 Asia/Manila] Redis extension is not loaded
[03-Feb-2026 18:45:25 Asia/Manila] Redis extension is not loaded
[03-Feb-2026 18:45:27 Asia/Manila] Redis extension is not loaded
[03-Feb-2026 18:45:27 Asia/Manila] Redis extension is not loaded
[03-Feb-2026 18:45:29 Asia/Manila] Redis extension is not loaded
[03-Feb-2026 18:45:33 Asia/Manila] Redis extension is not loaded
[03-Feb-2026 18:45:53 Asia/Manila] Redis extension is not loaded
[03-Feb-2026 18:45:53 Asia/Manila] Redis extension is not loaded
[03-Feb-2026 18:45:56 Asia/Manila] Redis extension is not loaded
[03-Feb-2026 18:46:04 Asia/Manila] Redis extension is not loaded
[03-Feb-2026 18:47:00 Asia/Manila] Redis extension is not loaded
[03-Feb-2026 18:47:06 Asia/Manila] Redis extension is not loaded
[03-Feb-2026 18:47:06 Asia/Manila] Redis extension is not loaded
[03-Feb-2026 18:47:16 Asia/Manila] Redis extension is not loaded
[03-Feb-2026 18:47:18 Asia/Manila] Redis extension is not loaded
[03-Feb-2026 18:47:18 Asia/Manila] Redis extension is not loaded
[03-Feb-2026 18:48:28 Asia/Manila] Redis extension is not loaded
[03-Feb-2026 18:49:25 Asia/Manila] Redis extension is not loaded
[03-Feb-2026 18:49:35 Asia/Manila] Redis extension is not loaded
[03-Feb-2026 19:00:23 Asia/Manila] Redis extension is not loaded
[03-Feb-2026 19:00:23 Asia/Manila] Rate limiting disabled - Redis not available
[03-Feb-2026 19:01:06 Asia/Manila] Redis extension is not loaded
[03-Feb-2026 19:01:06 Asia/Manila] Rate limiting disabled - Redis not available
[03-Feb-2026 19:02:59 Asia/Manila] Redis extension is not loaded
[03-Feb-2026 19:02:59 Asia/Manila] Rate limiting disabled - Redis not available
[03-Feb-2026 19:03:27 Asia/Manila] Redis extension is not loaded
[03-Feb-2026 19:03:27 Asia/Manila] Rate limiting disabled - Redis not available
[03-Feb-2026 19:03:46 Asia/Manila] Redis extension is not loaded
[03-Feb-2026 19:03:46 Asia/Manila] Rate limiting disabled - Redis not available
[03-Feb-2026 19:04:21 Asia/Manila] Redis extension is not loaded
[03-Feb-2026 19:04:21 Asia/Manila] Rate limiting disabled - Redis not available
[03-Feb-2026 19:04:33 Asia/Manila] Redis extension is not loaded
[03-Feb-2026 19:04:33 Asia/Manila] Rate limiting disabled - Redis not available
[03-Feb-2026 19:05:52 Asia/Manila] Redis extension is not loaded
[03-Feb-2026 19:05:52 Asia/Manila] Rate limiting disabled - Redis not available
[03-Feb-2026 19:05:53 Asia/Manila] Redis extension is not loaded
[03-Feb-2026 19:05:53 Asia/Manila] Rate limiting disabled - Redis not available
[03-Feb-2026 19:06:27 Asia/Manila] Redis extension is not loaded
[03-Feb-2026 19:06:27 Asia/Manila] Rate limiting disabled - Redis not available
[03-Feb-2026 19:06:48 Asia/Manila] Redis extension is not loaded
[03-Feb-2026 19:06:48 Asia/Manila] Rate limiting disabled - Redis not available
[03-Feb-2026 19:07:47 Asia/Manila] Redis extension is not loaded
[03-Feb-2026 19:07:47 Asia/Manila] Rate limiting disabled - Redis not available
[03-Feb-2026 19:08:06 Asia/Manila] Redis extension is not loaded
[03-Feb-2026 19:08:06 Asia/Manila] Rate limiting disabled - Redis not available
[03-Feb-2026 19:08:27 Asia/Manila] Redis extension is not loaded
[03-Feb-2026 19:08:27 Asia/Manila] Rate limiting disabled - Redis not available
[03-Feb-2026 19:11:56 Asia/Manila] Redis extension is not loaded
[03-Feb-2026 19:11:56 Asia/Manila] Rate limiting disabled - Redis not available
[03-Feb-2026 19:12:46 Asia/Manila] Redis extension is not loaded
[03-Feb-2026 19:12:52 Asia/Manila] Redis extension is not loaded
[03-Feb-2026 19:15:30 Asia/Manila] Appointment Data - Date: 2026-02-18, Time: 11:30, Reason: clubfoot
[03-Feb-2026 19:15:30 Asia/Manila] Combined DateTime: 2026-02-18 11:30:00
[03-Feb-2026 19:15:30 Asia/Manila] Inserting - PatientID: 5, DoctorID: 4, DateTime: 2026-02-18 11:30:00, Reason: clubfoot
[03-Feb-2026 19:16:23 Asia/Manila] Redis extension is not loaded
[03-Feb-2026 19:16:25 Asia/Manila] Redis extension is not loaded
[03-Feb-2026 19:16:25 Asia/Manila] Redis extension is not loaded
[03-Feb-2026 19:16:26 Asia/Manila] Redis extension is not loaded
[03-Feb-2026 19:17:36 Asia/Manila] Redis extension is not loaded
[03-Feb-2026 19:22:22 Asia/Manila] Redis extension is not loaded
[03-Feb-2026 19:22:22 Asia/Manila] Rate limiting disabled - Redis not available
[03-Feb-2026 19:26:39 Asia/Manila] Redis extension is not loaded
[03-Feb-2026 19:26:39 Asia/Manila] Rate limiting disabled - Redis not available
[03-Feb-2026 19:26:53 Asia/Manila] Redis extension is not loaded
[03-Feb-2026 19:26:53 Asia/Manila] Rate limiting disabled - Redis not available
[03-Feb-2026 19:27:13 Asia/Manila] Appointment Data - Date: 2026-02-06, Time: 14:00, Reason: a
[03-Feb-2026 19:27:13 Asia/Manila] Combined DateTime: 2026-02-06 14:00:00
[03-Feb-2026 19:27:13 Asia/Manila] Inserting - PatientID: 6, DoctorID: 5, DateTime: 2026-02-06 14:00:00, Reason: a
[03-Feb-2026 19:27:23 Asia/Manila] Redis extension is not loaded
[03-Feb-2026 19:27:28 Asia/Manila] Redis extension is not loaded
[03-Feb-2026 19:27:50 Asia/Manila] Redis extension is not loaded
[03-Feb-2026 19:28:00 Asia/Manila] Redis extension is not loaded
[03-Feb-2026 19:28:00 Asia/Manila] Redis extension is not loaded
[03-Feb-2026 19:28:35 Asia/Manila] Redis extension is not loaded
[03-Feb-2026 19:28:37 Asia/Manila] Redis extension is not loaded
[03-Feb-2026 19:28:37 Asia/Manila] Redis extension is not loaded
[03-Feb-2026 19:29:07 Asia/Manila] Redis extension is not loaded
[03-Feb-2026 19:29:13 Asia/Manila] Redis extension is not loaded
[03-Feb-2026 19:29:23 Asia/Manila] Redis extension is not loaded
[03-Feb-2026 19:30:38 Asia/Manila] Redis extension is not loaded
[03-Feb-2026 19:30:38 Asia/Manila] Redis extension is not loaded
[03-Feb-2026 19:31:06 Asia/Manila] Redis extension is not loaded
[03-Feb-2026 19:31:44 Asia/Manila] Redis extension is not loaded
[03-Feb-2026 19:32:01 Asia/Manila] Redis extension is not loaded
[03-Feb-2026 19:32:01 Asia/Manila] Rate limiting disabled - Redis not available
[03-Feb-2026 19:32:16 Asia/Manila] Appointment Data - Date: 2026-02-24, Time: 16:00, Reason: cough
[03-Feb-2026 19:32:16 Asia/Manila] Combined DateTime: 2026-02-24 16:00:00
[03-Feb-2026 19:32:16 Asia/Manila] Inserting - PatientID: 7, DoctorID: 5, DateTime: 2026-02-24 16:00:00, Reason: cough
[03-Feb-2026 19:32:19 Asia/Manila] Redis extension is not loaded
[03-Feb-2026 19:32:21 Asia/Manila] Redis extension is not loaded
[03-Feb-2026 19:32:56 Asia/Manila] Redis extension is not loaded
[03-Feb-2026 19:33:00 Asia/Manila] Redis extension is not loaded
[03-Feb-2026 19:33:00 Asia/Manila] Redis extension is not loaded
[03-Feb-2026 19:33:58 Asia/Manila] Redis extension is not loaded
[03-Feb-2026 19:33:59 Asia/Manila] Redis extension is not loaded
[03-Feb-2026 19:33:59 Asia/Manila] Redis extension is not loaded
[03-Feb-2026 19:34:07 Asia/Manila] Redis extension is not loaded
[03-Feb-2026 19:34:19 Asia/Manila] Redis extension is not loaded
[03-Feb-2026 19:34:19 Asia/Manila] Redis extension is not loaded
[03-Feb-2026 19:34:27 Asia/Manila] Redis extension is not loaded
[03-Feb-2026 19:34:30 Asia/Manila] Redis extension is not loaded
[03-Feb-2026 19:34:44 Asia/Manila] Redis extension is not loaded
[03-Feb-2026 19:34:45 Asia/Manila] Redis extension is not loaded
[03-Feb-2026 19:34:46 Asia/Manila] Redis extension is not loaded
[03-Feb-2026 19:34:55 Asia/Manila] Redis extension is not loaded
[03-Feb-2026 19:34:57 Asia/Manila] Redis extension is not loaded
[03-Feb-2026 19:35:00 Asia/Manila] Redis extension is not loaded
[03-Feb-2026 19:35:00 Asia/Manila] Redis extension is not loaded
[03-Feb-2026 19:35:03 Asia/Manila] Redis extension is not loaded
[03-Feb-2026 19:35:31 Asia/Manila] Redis extension is not loaded
[03-Feb-2026 19:35:36 Asia/Manila] Redis extension is not loaded
[03-Feb-2026 19:35:37 Asia/Manila] Redis extension is not loaded
[03-Feb-2026 19:35:40 Asia/Manila] Redis extension is not loaded
[03-Feb-2026 19:35:43 Asia/Manila] Redis extension is not loaded
[03-Feb-2026 19:35:43 Asia/Manila] Redis extension is not loaded
[03-Feb-2026 19:37:56 Asia/Manila] Redis extension is not loaded
[05-Feb-2026 16:53:33 Asia/Manila] Redis extension is not loaded
[05-Feb-2026 19:15:14 Asia/Manila] Redis extension is not loaded
[05-Feb-2026 19:44:04 Asia/Manila] Redis extension is not loaded
[05-Feb-2026 19:45:36 Asia/Manila] Redis extension is not loaded
[05-Feb-2026 19:52:16 Asia/Manila] Redis extension is not loaded
[05-Feb-2026 19:53:41 Asia/Manila] Redis extension is not loaded
[05-Feb-2026 19:55:03 Asia/Manila] Redis extension is not loaded
[05-Feb-2026 19:56:44 Asia/Manila] Redis extension is not loaded
[05-Feb-2026 20:14:48 Asia/Manila] Redis extension is not loaded
[05-Feb-2026 20:16:22 Asia/Manila] Redis extension is not loaded
[05-Feb-2026 20:19:28 Asia/Manila] Redis extension is not loaded
[06-Feb-2026 02:56:40 Asia/Manila] Redis extension is not loaded
[06-Feb-2026 02:56:52 Asia/Manila] Redis extension is not loaded
[06-Feb-2026 03:02:51 Asia/Manila] Redis extension is not loaded
[06-Feb-2026 03:02:57 Asia/Manila] Redis extension is not loaded
[06-Feb-2026 03:03:09 Asia/Manila] Database Connection Error: SQLSTATE[HY000] [2002] No connection could be made because the target machine actively refused it
[06-Feb-2026 03:03:09 Asia/Manila] Login error: Database connection failed
[06-Feb-2026 03:06:21 Asia/Manila] Redis extension is not loaded
[06-Feb-2026 03:06:21 Asia/Manila] Error in find_doctors.php: Patient data not found
[06-Feb-2026 03:15:17 Asia/Manila] Logout error: SQLSTATE[42S02]: Base table or view not found: 1146 Table 'akasi.login_logs' doesn't exist
[06-Feb-2026 03:15:36 Asia/Manila] Redis extension is not loaded
[06-Feb-2026 03:18:02 Asia/Manila] Redis extension is not loaded
[06-Feb-2026 03:20:07 Asia/Manila] Redis extension is not loaded
[06-Feb-2026 03:20:22 Asia/Manila] Redis extension is not loaded
[06-Feb-2026 03:20:29 Asia/Manila] Redis extension is not loaded
[06-Feb-2026 03:20:29 Asia/Manila] Redis extension is not loaded
[06-Feb-2026 03:20:41 Asia/Manila] Redis extension is not loaded
[06-Feb-2026 03:20:42 Asia/Manila] Redis extension is not loaded
[06-Feb-2026 03:20:56 Asia/Manila] Redis extension is not loaded
[06-Feb-2026 03:20:56 Asia/Manila] Redis extension is not loaded
[06-Feb-2026 03:25:18 Asia/Manila] Redis extension is not loaded
[06-Feb-2026 03:25:38 Asia/Manila] Redis extension is not loaded
[06-Feb-2026 03:36:01 Asia/Manila] Redis extension is not loaded
[06-Feb-2026 03:36:12 Asia/Manila] Redis extension is not loaded
[06-Feb-2026 03:36:21 Asia/Manila] Redis extension is not loaded
[06-Feb-2026 04:13:30 Asia/Manila] Redis extension is not loaded
[06-Feb-2026 04:17:30 Asia/Manila] Redis extension is not loaded
[06-Feb-2026 04:17:43 Asia/Manila] Redis extension is not loaded
[06-Feb-2026 04:18:26 Asia/Manila] Redis extension is not loaded
[06-Feb-2026 04:18:34 Asia/Manila] Redis extension is not loaded
[06-Feb-2026 04:19:52 Asia/Manila] Redis extension is not loaded
[06-Feb-2026 04:21:43 Asia/Manila] Redis extension is not loaded
[06-Feb-2026 04:21:43 Asia/Manila] Rate limiting disabled - Redis not available
[06-Feb-2026 04:22:59 Asia/Manila] Logout error: SQLSTATE[42S02]: Base table or view not found: 1146 Table 'akasi.login_logs' doesn't exist
[06-Feb-2026 04:24:21 Asia/Manila] Logout error: SQLSTATE[42S02]: Base table or view not found: 1146 Table 'akasi.login_logs' doesn't exist
[06-Feb-2026 04:24:43 Asia/Manila] Logout error: SQLSTATE[42S02]: Base table or view not found: 1146 Table 'akasi.login_logs' doesn't exist
[06-Feb-2026 04:28:02 Asia/Manila] Redis extension is not loaded
[06-Feb-2026 04:28:11 Asia/Manila] Redis extension is not loaded
[06-Feb-2026 04:28:13 Asia/Manila] Redis extension is not loaded
[06-Feb-2026 04:28:13 Asia/Manila] Rate limiting disabled - Redis not available
[06-Feb-2026 04:28:18 Asia/Manila] Redis extension is not loaded
[06-Feb-2026 04:28:18 Asia/Manila] Rate limiting disabled - Redis not available
[06-Feb-2026 04:28:35 Asia/Manila] Redis extension is not loaded
[06-Feb-2026 04:28:39 Asia/Manila] Redis extension is not loaded
[06-Feb-2026 04:28:40 Asia/Manila] Redis extension is not loaded
[06-Feb-2026 04:28:40 Asia/Manila] Rate limiting disabled - Redis not available
[06-Feb-2026 04:28:44 Asia/Manila] Logout error: SQLSTATE[42S02]: Base table or view not found: 1146 Table 'akasi.login_logs' doesn't exist
[06-Feb-2026 04:29:00 Asia/Manila] Redis extension is not loaded
[06-Feb-2026 04:29:03 Asia/Manila] Redis extension is not loaded
[06-Feb-2026 04:29:03 Asia/Manila] Rate limiting disabled - Redis not available
[06-Feb-2026 04:33:32 Asia/Manila] Redis extension is not loaded
[06-Feb-2026 04:33:49 Asia/Manila] Redis extension is not loaded
[06-Feb-2026 04:34:04 Asia/Manila] Redis extension is not loaded
[06-Feb-2026 04:35:09 Asia/Manila] Redis extension is not loaded
[06-Feb-2026 04:35:09 Asia/Manila] Rate limiting disabled - Redis not available
[06-Feb-2026 04:35:17 Asia/Manila] Redis extension is not loaded
[06-Feb-2026 04:35:17 Asia/Manila] Rate limiting disabled - Redis not available
[06-Feb-2026 04:35:23 Asia/Manila] Redis extension is not loaded
[06-Feb-2026 04:35:23 Asia/Manila] Rate limiting disabled - Redis not available
[06-Feb-2026 04:39:04 Asia/Manila] Redis extension is not loaded
[06-Feb-2026 04:39:04 Asia/Manila] Rate limiting disabled - Redis not available
[06-Feb-2026 04:39:10 Asia/Manila] Redis extension is not loaded
[06-Feb-2026 04:39:10 Asia/Manila] Rate limiting disabled - Redis not available
[06-Feb-2026 04:39:13 Asia/Manila] Redis extension is not loaded
[06-Feb-2026 04:39:13 Asia/Manila] Rate limiting disabled - Redis not available
[06-Feb-2026 04:39:19 Asia/Manila] Redis extension is not loaded
[06-Feb-2026 04:39:19 Asia/Manila] Rate limiting disabled - Redis not available
[06-Feb-2026 04:39:23 Asia/Manila] Redis extension is not loaded
[06-Feb-2026 04:39:23 Asia/Manila] Rate limiting disabled - Redis not available
[06-Feb-2026 04:39:29 Asia/Manila] Redis extension is not loaded
[06-Feb-2026 04:39:29 Asia/Manila] Rate limiting disabled - Redis not available
[06-Feb-2026 04:42:19 Asia/Manila] Redis extension is not loaded
[06-Feb-2026 04:42:19 Asia/Manila] Rate limiting disabled - Redis not available
[06-Feb-2026 04:42:21 Asia/Manila] Redis extension is not loaded
[06-Feb-2026 04:42:25 Asia/Manila] Redis extension is not loaded
[06-Feb-2026 04:42:25 Asia/Manila] Rate limiting disabled - Redis not available
[06-Feb-2026 04:42:50 Asia/Manila] Redis extension is not loaded
[06-Feb-2026 04:42:50 Asia/Manila] 2
[06-Feb-2026 04:43:23 Asia/Manila] Redis extension is not loaded
[06-Feb-2026 04:43:25 Asia/Manila] Redis extension is not loaded
[06-Feb-2026 04:43:25 Asia/Manila] 2
[06-Feb-2026 04:43:37 Asia/Manila] Redis extension is not loaded
[06-Feb-2026 04:43:41 Asia/Manila] Logout error: SQLSTATE[42S02]: Base table or view not found: 1146 Table 'akasi.login_logs' doesn't exist
[06-Feb-2026 04:43:55 Asia/Manila] Redis extension is not loaded
[06-Feb-2026 04:44:04 Asia/Manila] Redis extension is not loaded
[06-Feb-2026 04:44:10 Asia/Manila] Redis extension is not loaded
[06-Feb-2026 04:44:59 Asia/Manila] Redis extension is not loaded
[06-Feb-2026 04:45:04 Asia/Manila] Redis extension is not loaded
[06-Feb-2026 04:45:04 Asia/Manila] 2
[06-Feb-2026 04:45:07 Asia/Manila] Redis extension is not loaded
[06-Feb-2026 04:45:25 Asia/Manila] Redis extension is not loaded
[06-Feb-2026 04:45:35 Asia/Manila] Redis extension is not loaded
[06-Feb-2026 04:45:35 Asia/Manila] 2
[06-Feb-2026 04:45:47 Asia/Manila] Redis extension is not loaded
[06-Feb-2026 04:45:47 Asia/Manila] 2
[06-Feb-2026 04:46:55 Asia/Manila] Redis extension is not loaded
[06-Feb-2026 04:46:55 Asia/Manila] 2
[06-Feb-2026 04:46:59 Asia/Manila] Logout error: SQLSTATE[42S02]: Base table or view not found: 1146 Table 'akasi.login_logs' doesn't exist
[06-Feb-2026 04:47:14 Asia/Manila] Redis extension is not loaded
[06-Feb-2026 04:47:18 Asia/Manila] Redis extension is not loaded
[06-Feb-2026 04:47:18 Asia/Manila] 2
[06-Feb-2026 04:47:21 Asia/Manila] Redis extension is not loaded
[06-Feb-2026 04:47:31 Asia/Manila] Redis extension is not loaded
[06-Feb-2026 04:48:12 Asia/Manila] Redis extension is not loaded
[06-Feb-2026 04:50:16 Asia/Manila] Redis extension is not loaded
[06-Feb-2026 04:50:18 Asia/Manila] Redis extension is not loaded
[06-Feb-2026 04:50:18 Asia/Manila] 2
[06-Feb-2026 04:50:20 Asia/Manila] Redis extension is not loaded
[06-Feb-2026 04:50:24 Asia/Manila] Redis extension is not loaded
[06-Feb-2026 04:50:36 Asia/Manila] Logout error: SQLSTATE[42S02]: Base table or view not found: 1146 Table 'akasi.login_logs' doesn't exist
[06-Feb-2026 04:50:46 Asia/Manila] Redis extension is not loaded
[06-Feb-2026 04:50:52 Asia/Manila] Redis extension is not loaded
[06-Feb-2026 04:52:16 Asia/Manila] Redis extension is not loaded
[06-Feb-2026 04:52:39 Asia/Manila] Redis extension is not loaded
[06-Feb-2026 04:53:39 Asia/Manila] Redis extension is not loaded
[06-Feb-2026 04:53:43 Asia/Manila] Redis extension is not loaded
[06-Feb-2026 04:53:47 Asia/Manila] Redis extension is not loaded
[06-Feb-2026 04:53:48 Asia/Manila] Redis extension is not loaded
[06-Feb-2026 04:53:51 Asia/Manila] Redis extension is not loaded
[06-Feb-2026 04:54:53 Asia/Manila] Redis extension is not loaded
[06-Feb-2026 04:54:58 Asia/Manila] Redis extension is not loaded
[06-Feb-2026 04:55:11 Asia/Manila] Redis extension is not loaded
[06-Feb-2026 07:14:05 Asia/Manila] Redis extension is not loaded
[06-Feb-2026 07:14:35 Asia/Manila] Redis extension is not loaded
[06-Feb-2026 07:14:35 Asia/Manila] Redis extension is not loaded
[06-Feb-2026 07:15:06 Asia/Manila] Redis extension is not loaded
[06-Feb-2026 07:15:09 Asia/Manila] Redis extension is not loaded
[06-Feb-2026 07:15:09 Asia/Manila] 2
[06-Feb-2026 07:15:25 Asia/Manila] Redis extension is not loaded
[06-Feb-2026 07:15:25 Asia/Manila] 2
[06-Feb-2026 07:15:30 Asia/Manila] Redis extension is not loaded
[06-Feb-2026 07:16:51 Asia/Manila] Redis extension is not loaded
[06-Feb-2026 07:16:51 Asia/Manila] 2
[06-Feb-2026 07:16:54 Asia/Manila] Redis extension is not loaded
[06-Feb-2026 07:18:26 Asia/Manila] Logout error: SQLSTATE[42S02]: Base table or view not found: 1146 Table 'akasi.login_logs' doesn't exist
[06-Feb-2026 07:19:29 Asia/Manila] Redis extension is not loaded
[06-Feb-2026 07:19:29 Asia/Manila] Rate limiting disabled - Redis not available
[06-Feb-2026 07:19:41 Asia/Manila] Redis extension is not loaded
[06-Feb-2026 07:19:50 Asia/Manila] Redis extension is not loaded
[06-Feb-2026 07:19:57 Asia/Manila] Redis extension is not loaded
[06-Feb-2026 07:20:06 Asia/Manila] Redis extension is not loaded
[06-Feb-2026 07:21:28 Asia/Manila] Redis extension is not loaded
[06-Feb-2026 07:21:28 Asia/Manila] 2
[06-Feb-2026 07:22:59 Asia/Manila] Redis extension is not loaded
[06-Feb-2026 07:23:05 Asia/Manila] Redis extension is not loaded
[06-Feb-2026 07:23:05 Asia/Manila] 2
[06-Feb-2026 07:23:15 Asia/Manila] Redis extension is not loaded
[06-Feb-2026 07:23:15 Asia/Manila] 2
[06-Feb-2026 07:25:09 Asia/Manila] Redis extension is not loaded
[06-Feb-2026 07:25:09 Asia/Manila] 2
[06-Feb-2026 07:27:52 Asia/Manila] Redis extension is not loaded
[06-Feb-2026 07:27:56 Asia/Manila] Redis extension is not loaded
[06-Feb-2026 07:27:56 Asia/Manila] 2
[06-Feb-2026 07:28:01 Asia/Manila] Redis extension is not loaded
[06-Feb-2026 07:28:01 Asia/Manila] 2
[06-Feb-2026 07:28:26 Asia/Manila] Redis extension is not loaded
[06-Feb-2026 07:28:26 Asia/Manila] 2
[06-Feb-2026 07:28:30 Asia/Manila] Redis extension is not loaded
[06-Feb-2026 07:28:30 Asia/Manila] 2
[06-Feb-2026 07:28:34 Asia/Manila] Redis extension is not loaded
[06-Feb-2026 07:28:34 Asia/Manila] 2
[06-Feb-2026 07:30:10 Asia/Manila] Redis extension is not loaded
[06-Feb-2026 07:30:10 Asia/Manila] Rate limiting disabled - Redis not available
[06-Feb-2026 07:30:26 Asia/Manila] Redis extension is not loaded
[06-Feb-2026 07:30:26 Asia/Manila] Rate limiting disabled - Redis not available
[06-Feb-2026 07:30:32 Asia/Manila] Redis extension is not loaded
[06-Feb-2026 07:30:32 Asia/Manila] Rate limiting disabled - Redis not available
[06-Feb-2026 07:30:34 Asia/Manila] Redis extension is not loaded
[06-Feb-2026 07:30:34 Asia/Manila] Rate limiting disabled - Redis not available
[06-Feb-2026 07:30:43 Asia/Manila] Redis extension is not loaded
[06-Feb-2026 07:30:43 Asia/Manila] Rate limiting disabled - Redis not available
[06-Feb-2026 07:31:07 Asia/Manila] Redis extension is not loaded
[06-Feb-2026 07:31:07 Asia/Manila] Rate limiting disabled - Redis not available
[06-Feb-2026 07:31:14 Asia/Manila] Redis extension is not loaded
[06-Feb-2026 07:31:14 Asia/Manila] Rate limiting disabled - Redis not available
[06-Feb-2026 07:31:41 Asia/Manila] Appointment Data - Date: 2026-02-28, Time: 17:00, Reason: Need to evaluate club foot
[06-Feb-2026 07:31:41 Asia/Manila] Combined DateTime: 2026-02-28 17:00:00
[06-Feb-2026 07:31:41 Asia/Manila] Inserting - PatientID: 6, DoctorID: 3, DateTime: 2026-02-28 17:00:00, Reason: Need to evaluate club foot
[06-Feb-2026 07:41:44 Asia/Manila] Redis extension is not loaded
[06-Feb-2026 07:41:44 Asia/Manila] Rate limiting disabled - Redis not available
[06-Feb-2026 07:42:16 Asia/Manila] Appointment Data - Date: 2026-02-11, Time: 15:00, Reason: Need second opinion
[06-Feb-2026 07:42:16 Asia/Manila] Combined DateTime: 2026-02-11 15:00:00
[06-Feb-2026 07:42:16 Asia/Manila] Inserting - PatientID: 6, DoctorID: 2, DateTime: 2026-02-11 15:00:00, Reason: Need second opinion
[06-Feb-2026 07:42:37 Asia/Manila] Redis extension is not loaded
[06-Feb-2026 07:42:37 Asia/Manila] Rate limiting disabled - Redis not available
[06-Feb-2026 07:42:58 Asia/Manila] Redis extension is not loaded
[06-Feb-2026 07:42:58 Asia/Manila] Rate limiting disabled - Redis not available
[06-Feb-2026 07:43:31 Asia/Manila] Redis extension is not loaded
[06-Feb-2026 07:43:31 Asia/Manila] Rate limiting disabled - Redis not available
[06-Feb-2026 07:46:35 Asia/Manila] Redis extension is not loaded
[06-Feb-2026 07:46:35 Asia/Manila] Rate limiting disabled - Redis not available
[06-Feb-2026 07:46:40 Asia/Manila] Logout error: SQLSTATE[42S02]: Base table or view not found: 1146 Table 'akasi.login_logs' doesn't exist
[06-Feb-2026 07:46:47 Asia/Manila] Redis extension is not loaded
[06-Feb-2026 07:46:47 Asia/Manila] Rate limiting disabled - Redis not available
[06-Feb-2026 07:47:15 Asia/Manila] Redis extension is not loaded
[06-Feb-2026 07:47:15 Asia/Manila] Rate limiting disabled - Redis not available
[06-Feb-2026 07:47:29 Asia/Manila] Redis extension is not loaded
[06-Feb-2026 07:48:22 Asia/Manila] Redis extension is not loaded
[06-Feb-2026 07:49:03 Asia/Manila] Redis extension is not loaded
[06-Feb-2026 07:49:19 Asia/Manila] Redis extension is not loaded
[06-Feb-2026 07:49:19 Asia/Manila] Rate limiting disabled - Redis not available
[06-Feb-2026 07:49:34 Asia/Manila] Redis extension is not loaded
[06-Feb-2026 07:49:34 Asia/Manila] Rate limiting disabled - Redis not available
[06-Feb-2026 07:49:36 Asia/Manila] Redis extension is not loaded
[06-Feb-2026 07:49:36 Asia/Manila] Rate limiting disabled - Redis not available
[06-Feb-2026 07:49:46 Asia/Manila] Redis extension is not loaded
[06-Feb-2026 07:49:51 Asia/Manila] Redis extension is not loaded
[06-Feb-2026 07:49:51 Asia/Manila] Rate limiting disabled - Redis not available
[06-Feb-2026 07:51:03 Asia/Manila] Redis extension is not loaded
[06-Feb-2026 07:51:03 Asia/Manila] Rate limiting disabled - Redis not available
[06-Feb-2026 07:51:09 Asia/Manila] Redis extension is not loaded
[06-Feb-2026 07:51:09 Asia/Manila] Rate limiting disabled - Redis not available
[06-Feb-2026 07:52:25 Asia/Manila] Redis extension is not loaded
[06-Feb-2026 07:53:11 Asia/Manila] Redis extension is not loaded
[06-Feb-2026 07:54:08 Asia/Manila] Redis extension is not loaded
[06-Feb-2026 07:54:19 Asia/Manila] Redis extension is not loaded
[06-Feb-2026 07:55:02 Asia/Manila] Redis extension is not loaded
[06-Feb-2026 07:55:10 Asia/Manila] Logout error: SQLSTATE[42S02]: Base table or view not found: 1146 Table 'akasi.login_logs' doesn't exist
[06-Feb-2026 07:55:13 Asia/Manila] Redis extension is not loaded
[06-Feb-2026 07:55:13 Asia/Manila] Rate limiting disabled - Redis not available
[06-Feb-2026 07:55:20 Asia/Manila] Redis extension is not loaded
[06-Feb-2026 07:55:20 Asia/Manila] Rate limiting disabled - Redis not available
[06-Feb-2026 07:56:54 Asia/Manila] Redis extension is not loaded
[06-Feb-2026 07:57:01 Asia/Manila] Redis extension is not loaded
[06-Feb-2026 07:57:01 Asia/Manila] Rate limiting disabled - Redis not available
[06-Feb-2026 07:57:04 Asia/Manila] Redis extension is not loaded
[06-Feb-2026 07:57:04 Asia/Manila] Rate limiting disabled - Redis not available
[06-Feb-2026 07:57:19 Asia/Manila] Redis extension is not loaded
[06-Feb-2026 07:57:19 Asia/Manila] Rate limiting disabled - Redis not available
[06-Feb-2026 07:57:22 Asia/Manila] Redis extension is not loaded
[06-Feb-2026 07:57:22 Asia/Manila] Rate limiting disabled - Redis not available
[06-Feb-2026 07:57:25 Asia/Manila] Redis extension is not loaded
[06-Feb-2026 07:57:25 Asia/Manila] Rate limiting disabled - Redis not available
[06-Feb-2026 07:57:31 Asia/Manila] Redis extension is not loaded
[06-Feb-2026 07:57:31 Asia/Manila] Rate limiting disabled - Redis not available
[06-Feb-2026 07:57:41 Asia/Manila] Redis extension is not loaded
[06-Feb-2026 07:57:41 Asia/Manila] Rate limiting disabled - Redis not available
[06-Feb-2026 07:57:43 Asia/Manila] Redis extension is not loaded
[06-Feb-2026 07:57:43 Asia/Manila] Rate limiting disabled - Redis not available
[06-Feb-2026 07:57:47 Asia/Manila] Logout error: SQLSTATE[42S02]: Base table or view not found: 1146 Table 'akasi.login_logs' doesn't exist
[06-Feb-2026 08:00:47 Asia/Manila] Redis extension is not loaded
[06-Feb-2026 08:00:47 Asia/Manila] Rate limiting disabled - Redis not available
[06-Feb-2026 08:00:54 Asia/Manila] Redis extension is not loaded
[06-Feb-2026 08:07:35 Asia/Manila] Redis extension is not loaded
[06-Feb-2026 08:07:35 Asia/Manila] Rate limiting disabled - Redis not available
[06-Feb-2026 08:08:07 Asia/Manila] Logout error: SQLSTATE[42S02]: Base table or view not found: 1146 Table 'akasi.login_logs' doesn't exist
[06-Feb-2026 08:08:25 Asia/Manila] Redis extension is not loaded
[06-Feb-2026 08:10:36 Asia/Manila] Redis extension is not loaded
[06-Feb-2026 08:10:37 Asia/Manila] Redis extension is not loaded
[06-Feb-2026 08:10:39 Asia/Manila] Redis extension is not loaded
[06-Feb-2026 08:11:48 Asia/Manila] Redis extension is not loaded
[06-Feb-2026 08:13:08 Asia/Manila] Redis extension is not loaded
[06-Feb-2026 08:13:12 Asia/Manila] Redis extension is not loaded
[06-Feb-2026 08:13:12 Asia/Manila] Rate limiting disabled - Redis not available
[06-Feb-2026 08:13:14 Asia/Manila] Redis extension is not loaded
[06-Feb-2026 08:13:14 Asia/Manila] Rate limiting disabled - Redis not available
[06-Feb-2026 08:13:57 Asia/Manila] Redis extension is not loaded
[06-Feb-2026 08:23:44 Asia/Manila] Redis extension is not loaded
[06-Feb-2026 08:23:50 Asia/Manila] Redis extension is not loaded
[06-Feb-2026 08:23:50 Asia/Manila] Rate limiting disabled - Redis not available
[06-Feb-2026 08:23:51 Asia/Manila] Redis extension is not loaded
[06-Feb-2026 08:23:51 Asia/Manila] Rate limiting disabled - Redis not available
[06-Feb-2026 08:23:53 Asia/Manila] Redis extension is not loaded
[06-Feb-2026 08:23:53 Asia/Manila] Rate limiting disabled - Redis not available
[06-Feb-2026 08:24:02 Asia/Manila] Redis extension is not loaded
[06-Feb-2026 08:24:02 Asia/Manila] Rate limiting disabled - Redis not available
[06-Feb-2026 08:24:13 Asia/Manila] Redis extension is not loaded
[06-Feb-2026 08:24:13 Asia/Manila] Rate limiting disabled - Redis not available
[06-Feb-2026 08:25:19 Asia/Manila] Redis extension is not loaded
[06-Feb-2026 08:25:19 Asia/Manila] Rate limiting disabled - Redis not available
[06-Feb-2026 08:25:20 Asia/Manila] Redis extension is not loaded
[06-Feb-2026 08:25:20 Asia/Manila] Rate limiting disabled - Redis not available
[06-Feb-2026 08:25:22 Asia/Manila] Redis extension is not loaded
[06-Feb-2026 08:25:22 Asia/Manila] Rate limiting disabled - Redis not available
[06-Feb-2026 08:25:24 Asia/Manila] Redis extension is not loaded
[06-Feb-2026 08:25:24 Asia/Manila] Rate limiting disabled - Redis not available
[06-Feb-2026 08:25:28 Asia/Manila] Redis extension is not loaded
[06-Feb-2026 08:25:28 Asia/Manila] Rate limiting disabled - Redis not available
[06-Feb-2026 08:25:42 Asia/Manila] Redis extension is not loaded
[06-Feb-2026 08:25:42 Asia/Manila] Rate limiting disabled - Redis not available
[06-Feb-2026 08:25:46 Asia/Manila] Redis extension is not loaded
[06-Feb-2026 08:25:46 Asia/Manila] Rate limiting disabled - Redis not available
[06-Feb-2026 08:25:48 Asia/Manila] Redis extension is not loaded
[06-Feb-2026 08:25:48 Asia/Manila] Rate limiting disabled - Redis not available
[06-Feb-2026 08:25:49 Asia/Manila] Redis extension is not loaded
[06-Feb-2026 08:25:49 Asia/Manila] Rate limiting disabled - Redis not available
[06-Feb-2026 08:25:51 Asia/Manila] Redis extension is not loaded
[06-Feb-2026 08:25:51 Asia/Manila] Rate limiting disabled - Redis not available
[06-Feb-2026 08:25:52 Asia/Manila] Redis extension is not loaded
[06-Feb-2026 08:25:52 Asia/Manila] Rate limiting disabled - Redis not available
[06-Feb-2026 08:25:54 Asia/Manila] Redis extension is not loaded
[06-Feb-2026 08:25:54 Asia/Manila] Rate limiting disabled - Redis not available
[06-Feb-2026 08:26:15 Asia/Manila] Redis extension is not loaded
[06-Feb-2026 08:26:15 Asia/Manila] Rate limiting disabled - Redis not available
[06-Feb-2026 08:26:16 Asia/Manila] Redis extension is not loaded
[06-Feb-2026 08:26:16 Asia/Manila] Rate limiting disabled - Redis not available
[06-Feb-2026 08:26:22 Asia/Manila] Redis extension is not loaded
[06-Feb-2026 08:26:26 Asia/Manila] Redis extension is not loaded
[06-Feb-2026 08:26:26 Asia/Manila] Rate limiting disabled - Redis not available
[06-Feb-2026 08:26:56 Asia/Manila] Redis extension is not loaded
[06-Feb-2026 08:26:56 Asia/Manila] Rate limiting disabled - Redis not available
[06-Feb-2026 08:27:04 Asia/Manila] Redis extension is not loaded
[06-Feb-2026 08:27:04 Asia/Manila] Rate limiting disabled - Redis not available
[06-Feb-2026 08:27:06 Asia/Manila] Redis extension is not loaded
[06-Feb-2026 08:27:06 Asia/Manila] Rate limiting disabled - Redis not available
[06-Feb-2026 08:28:50 Asia/Manila] Redis extension is not loaded
[06-Feb-2026 08:28:50 Asia/Manila] Rate limiting disabled - Redis not available
[06-Feb-2026 08:28:54 Asia/Manila] Redis extension is not loaded
[06-Feb-2026 08:28:54 Asia/Manila] Rate limiting disabled - Redis not available
[06-Feb-2026 08:28:55 Asia/Manila] Redis extension is not loaded
[06-Feb-2026 08:28:55 Asia/Manila] Rate limiting disabled - Redis not available
[06-Feb-2026 08:29:03 Asia/Manila] Redis extension is not loaded
[06-Feb-2026 08:29:11 Asia/Manila] Redis extension is not loaded
[06-Feb-2026 08:29:11 Asia/Manila] Rate limiting disabled - Redis not available
[06-Feb-2026 08:29:13 Asia/Manila] Redis extension is not loaded
[06-Feb-2026 08:29:13 Asia/Manila] Rate limiting disabled - Redis not available
[06-Feb-2026 08:39:04 Asia/Manila] Redis extension is not loaded
[06-Feb-2026 08:39:04 Asia/Manila] Rate limiting disabled - Redis not available
[06-Feb-2026 08:39:18 Asia/Manila] Redis extension is not loaded
[06-Feb-2026 08:39:18 Asia/Manila] Rate limiting disabled - Redis not available
[06-Feb-2026 08:43:15 Asia/Manila] Redis extension is not loaded
[06-Feb-2026 08:43:15 Asia/Manila] Rate limiting disabled - Redis not available
[06-Feb-2026 08:59:32 Asia/Manila] Redis extension is not loaded
[06-Feb-2026 08:59:32 Asia/Manila] Rate limiting disabled - Redis not available
[06-Feb-2026 09:04:30 Asia/Manila] Redis extension is not loaded
[06-Feb-2026 10:35:04 Asia/Manila] Redis extension is not loaded
[06-Feb-2026 10:35:18 Asia/Manila] Redis extension is not loaded
[06-Feb-2026 10:35:43 Asia/Manila] Redis extension is not loaded
[06-Feb-2026 10:35:43 Asia/Manila] Rate limiting disabled - Redis not available
[06-Feb-2026 10:35:54 Asia/Manila] Redis extension is not loaded
[06-Feb-2026 10:35:54 Asia/Manila] Rate limiting disabled - Redis not available
[06-Feb-2026 10:37:50 Asia/Manila] Redis extension is not loaded
[06-Feb-2026 10:37:50 Asia/Manila] Rate limiting disabled - Redis not available
[06-Feb-2026 10:38:34 Asia/Manila] Redis extension is not loaded
[06-Feb-2026 10:38:52 Asia/Manila] Redis extension is not loaded
[06-Feb-2026 10:39:17 Asia/Manila] Redis extension is not loaded
[06-Feb-2026 10:43:01 Asia/Manila] Redis extension is not loaded
[06-Feb-2026 10:43:06 Asia/Manila] Redis extension is not loaded
[06-Feb-2026 10:43:23 Asia/Manila] Redis extension is not loaded
[06-Feb-2026 10:43:53 Asia/Manila] Logout error: SQLSTATE[42S02]: Base table or view not found: 1146 Table 'akasi.login_logs' doesn't exist
[06-Feb-2026 10:49:33 Asia/Manila] Redis extension is not loaded
[06-Feb-2026 10:52:31 Asia/Manila] Redis extension is not loaded
[06-Feb-2026 10:52:45 Asia/Manila] Redis extension is not loaded
[06-Feb-2026 10:52:45 Asia/Manila] Rate limiting disabled - Redis not available
[06-Feb-2026 10:52:49 Asia/Manila] Redis extension is not loaded
[06-Feb-2026 10:52:49 Asia/Manila] Rate limiting disabled - Redis not available
[06-Feb-2026 10:53:01 Asia/Manila] Redis extension is not loaded
[06-Feb-2026 10:53:01 Asia/Manila] Rate limiting disabled - Redis not available
[06-Feb-2026 10:53:06 Asia/Manila] Redis extension is not loaded
[06-Feb-2026 10:53:06 Asia/Manila] Rate limiting disabled - Redis not available
[06-Feb-2026 10:53:08 Asia/Manila] Redis extension is not loaded
[06-Feb-2026 10:53:08 Asia/Manila] Rate limiting disabled - Redis not available
[06-Feb-2026 10:53:11 Asia/Manila] Redis extension is not loaded
[06-Feb-2026 10:53:11 Asia/Manila] Rate limiting disabled - Redis not available
[06-Feb-2026 10:53:14 Asia/Manila] Redis extension is not loaded
[06-Feb-2026 10:53:14 Asia/Manila] Rate limiting disabled - Redis not available
[06-Feb-2026 10:53:21 Asia/Manila] Redis extension is not loaded
[06-Feb-2026 10:53:21 Asia/Manila] Rate limiting disabled - Redis not available
[06-Feb-2026 10:53:22 Asia/Manila] Redis extension is not loaded
[06-Feb-2026 10:53:22 Asia/Manila] Rate limiting disabled - Redis not available
[06-Feb-2026 10:53:25 Asia/Manila] Redis extension is not loaded
[06-Feb-2026 10:53:25 Asia/Manila] Rate limiting disabled - Redis not available
[06-Feb-2026 10:53:29 Asia/Manila] Redis extension is not loaded
[06-Feb-2026 10:53:29 Asia/Manila] Rate limiting disabled - Redis not available
[06-Feb-2026 10:53:33 Asia/Manila] Redis extension is not loaded
[06-Feb-2026 10:53:33 Asia/Manila] Rate limiting disabled - Redis not available
[06-Feb-2026 10:53:46 Asia/Manila] Redis extension is not loaded
[06-Feb-2026 10:53:53 Asia/Manila] Redis extension is not loaded
[06-Feb-2026 10:54:31 Asia/Manila] Redis extension is not loaded
[06-Feb-2026 10:54:38 Asia/Manila] Redis extension is not loaded
[06-Feb-2026 10:54:38 Asia/Manila] Rate limiting disabled - Redis not available
[06-Feb-2026 10:54:39 Asia/Manila] Redis extension is not loaded
[06-Feb-2026 10:54:39 Asia/Manila] Rate limiting disabled - Redis not available
[06-Feb-2026 10:54:47 Asia/Manila] Redis extension is not loaded
[06-Feb-2026 10:54:47 Asia/Manila] Rate limiting disabled - Redis not available
[06-Feb-2026 10:56:57 Asia/Manila] Logout error: SQLSTATE[42S02]: Base table or view not found: 1146 Table 'akasi.login_logs' doesn't exist
[06-Feb-2026 10:57:11 Asia/Manila] Redis extension is not loaded
[06-Feb-2026 10:58:19 Asia/Manila] Redis extension is not loaded
[06-Feb-2026 10:58:19 Asia/Manila] Rate limiting disabled - Redis not available
[06-Feb-2026 10:58:28 Asia/Manila] Redis extension is not loaded
[06-Feb-2026 10:58:28 Asia/Manila] Rate limiting disabled - Redis not available
[06-Feb-2026 11:05:06 Asia/Manila] Redis extension is not loaded
[06-Feb-2026 11:07:09 Asia/Manila] Redis extension is not loaded
[06-Feb-2026 11:07:14 Asia/Manila] Logout error: SQLSTATE[42S02]: Base table or view not found: 1146 Table 'akasi.login_logs' doesn't exist
[06-Feb-2026 11:07:16 Asia/Manila] Redis extension is not loaded
[06-Feb-2026 11:07:16 Asia/Manila] Rate limiting disabled - Redis not available
[06-Feb-2026 11:07:24 Asia/Manila] Redis extension is not loaded
[06-Feb-2026 11:08:41 Asia/Manila] Redis extension is not loaded
[06-Feb-2026 11:24:04 Asia/Manila] Redis extension is not loaded
[06-Feb-2026 11:24:04 Asia/Manila] Rate limiting disabled - Redis not available
[06-Feb-2026 11:24:11 Asia/Manila] Logout error: SQLSTATE[42S02]: Base table or view not found: 1146 Table 'akasi.login_logs' doesn't exist
[06-Feb-2026 11:24:16 Asia/Manila] Redis extension is not loaded
[06-Feb-2026 11:24:32 Asia/Manila] Redis extension is not loaded
[06-Feb-2026 11:24:32 Asia/Manila] Rate limiting disabled - Redis not available
[06-Feb-2026 14:35:49 Asia/Manila] Database Connection Error: SQLSTATE[HY000] [2002] No connection could be made because the target machine actively refused it
[06-Feb-2026 14:35:49 Asia/Manila] Login error: Database connection failed
[06-Feb-2026 14:38:15 Asia/Manila] Database Connection Error: SQLSTATE[HY000] [2002] No connection could be made because the target machine actively refused it
[06-Feb-2026 14:38:15 Asia/Manila] Login error: Database connection failed
[06-Feb-2026 14:38:32 Asia/Manila] Redis extension is not loaded
[06-Feb-2026 14:38:39 Asia/Manila] Redis extension is not loaded
[06-Feb-2026 14:38:39 Asia/Manila] Rate limiting disabled - Redis not available
[06-Feb-2026 14:46:28 Asia/Manila] Redis extension is not loaded
[06-Feb-2026 14:46:28 Asia/Manila] Rate limiting disabled - Redis not available
[06-Feb-2026 14:48:40 Asia/Manila] Redis extension is not loaded
[06-Feb-2026 14:48:40 Asia/Manila] Rate limiting disabled - Redis not available
[06-Feb-2026 14:54:20 Asia/Manila] Redis extension is not loaded
[06-Feb-2026 14:54:21 Asia/Manila] Rate limiting disabled - Redis not available
[06-Feb-2026 15:44:46 Asia/Manila] Redis extension is not loaded
[06-Feb-2026 15:44:46 Asia/Manila] Rate limiting disabled - Redis not available
[06-Feb-2026 16:04:01 Asia/Manila] Logout error: SQLSTATE[42S02]: Base table or view not found: 1146 Table 'akasi.login_logs' doesn't exist
[06-Feb-2026 16:04:08 Asia/Manila] Redis extension is not loaded
[06-Feb-2026 16:04:08 Asia/Manila] Rate limiting disabled - Redis not available
[08-Feb-2026 13:04:14 Asia/Manila] Redis extension is not loaded
[08-Feb-2026 13:04:18 Asia/Manila] Database Connection Error: SQLSTATE[HY000] [2002] No connection could be made because the target machine actively refused it
[08-Feb-2026 13:04:18 Asia/Manila] PHP Fatal error:  Uncaught Error: Call to a member function prepare() on null in C:\xampp\htdocs\Akasi\Akasi\Akasi\doctor appoint\user\one\landing_page.php:98
Stack trace:
#0 {main}
  thrown in C:\xampp\htdocs\Akasi\Akasi\Akasi\doctor appoint\user\one\landing_page.php on line 98
[08-Feb-2026 13:07:36 Asia/Manila] Redis extension is not loaded
[08-Feb-2026 13:07:59 Asia/Manila] Redis extension is not loaded
[08-Feb-2026 13:07:59 Asia/Manila] Rate limiting disabled - Redis not available
[08-Feb-2026 13:08:01 Asia/Manila] Redis extension is not loaded
[08-Feb-2026 13:08:01 Asia/Manila] Rate limiting disabled - Redis not available
[08-Feb-2026 13:08:05 Asia/Manila] Redis extension is not loaded
[08-Feb-2026 13:08:05 Asia/Manila] Rate limiting disabled - Redis not available
[08-Feb-2026 13:08:08 Asia/Manila] Redis extension is not loaded
[08-Feb-2026 13:08:08 Asia/Manila] Rate limiting disabled - Redis not available
[08-Feb-2026 13:08:10 Asia/Manila] Redis extension is not loaded
[08-Feb-2026 13:08:10 Asia/Manila] Rate limiting disabled - Redis not available
[08-Feb-2026 13:08:15 Asia/Manila] Redis extension is not loaded
[08-Feb-2026 13:08:15 Asia/Manila] Rate limiting disabled - Redis not available
[08-Feb-2026 13:08:27 Asia/Manila] Redis extension is not loaded
[08-Feb-2026 13:08:27 Asia/Manila] Rate limiting disabled - Redis not available
[08-Feb-2026 13:08:30 Asia/Manila] Redis extension is not loaded
[08-Feb-2026 13:08:30 Asia/Manila] Rate limiting disabled - Redis not available
[08-Feb-2026 13:08:32 Asia/Manila] Redis extension is not loaded
[08-Feb-2026 13:08:32 Asia/Manila] Rate limiting disabled - Redis not available
[08-Feb-2026 13:08:37 Asia/Manila] Redis extension is not loaded
[08-Feb-2026 13:08:37 Asia/Manila] Rate limiting disabled - Redis not available
[08-Feb-2026 13:08:39 Asia/Manila] Redis extension is not loaded
[08-Feb-2026 13:08:39 Asia/Manila] Rate limiting disabled - Redis not available
[08-Feb-2026 13:08:42 Asia/Manila] Redis extension is not loaded
[08-Feb-2026 13:08:42 Asia/Manila] Rate limiting disabled - Redis not available
[08-Feb-2026 13:09:41 Asia/Manila] Redis extension is not loaded
[08-Feb-2026 13:10:21 Asia/Manila] Redis extension is not loaded
[08-Feb-2026 13:10:21 Asia/Manila] Rate limiting disabled - Redis not available
[08-Feb-2026 13:10:24 Asia/Manila] Redis extension is not loaded
[08-Feb-2026 13:10:26 Asia/Manila] Redis extension is not loaded
[08-Feb-2026 13:10:26 Asia/Manila] Rate limiting disabled - Redis not available
[08-Feb-2026 13:10:30 Asia/Manila] Redis extension is not loaded
[08-Feb-2026 13:10:33 Asia/Manila] Redis extension is not loaded
[08-Feb-2026 13:10:33 Asia/Manila] Rate limiting disabled - Redis not available
[08-Feb-2026 13:10:38 Asia/Manila] Redis extension is not loaded
[08-Feb-2026 13:10:38 Asia/Manila] Rate limiting disabled - Redis not available
[08-Feb-2026 13:10:44 Asia/Manila] Redis extension is not loaded
[08-Feb-2026 13:10:44 Asia/Manila] Rate limiting disabled - Redis not available
[08-Feb-2026 13:10:47 Asia/Manila] Redis extension is not loaded
[08-Feb-2026 13:11:07 Asia/Manila] Redis extension is not loaded
[08-Feb-2026 13:11:07 Asia/Manila] Rate limiting disabled - Redis not available
[08-Feb-2026 13:11:09 Asia/Manila] Redis extension is not loaded
[08-Feb-2026 13:11:09 Asia/Manila] Rate limiting disabled - Redis not available
[08-Feb-2026 13:11:16 Asia/Manila] Redis extension is not loaded
[08-Feb-2026 13:11:16 Asia/Manila] Rate limiting disabled - Redis not available
[08-Feb-2026 13:11:24 Asia/Manila] Redis extension is not loaded
[08-Feb-2026 13:11:24 Asia/Manila] Rate limiting disabled - Redis not available
[08-Feb-2026 15:24:21 Asia/Manila] Redis extension is not loaded
[08-Feb-2026 15:25:11 Asia/Manila] Redis extension is not loaded
[08-Feb-2026 15:25:31 Asia/Manila] Redis extension is not loaded
[08-Feb-2026 15:25:48 Asia/Manila] Redis extension is not loaded
[08-Feb-2026 15:44:37 Asia/Manila] Logout error: SQLSTATE[42S02]: Base table or view not found: 1146 Table 'akasi.login_logs' doesn't exist
[08-Feb-2026 15:44:40 Asia/Manila] Redis extension is not loaded
[08-Feb-2026 15:51:07 Asia/Manila] Redis extension is not loaded
[08-Feb-2026 15:57:12 Asia/Manila] Redis extension is not loaded
[08-Feb-2026 15:57:59 Asia/Manila] Redis extension is not loaded
[08-Feb-2026 16:04:48 Asia/Manila] Redis extension is not loaded
[08-Feb-2026 16:06:59 Asia/Manila] Redis extension is not loaded
[08-Feb-2026 16:09:54 Asia/Manila] Redis extension is not loaded
[08-Feb-2026 16:10:00 Asia/Manila] Redis extension is not loaded
[08-Feb-2026 16:12:58 Asia/Manila] Redis extension is not loaded
[08-Feb-2026 16:13:50 Asia/Manila] Redis extension is not loaded
[08-Feb-2026 16:14:29 Asia/Manila] Redis extension is not loaded
[08-Feb-2026 16:14:33 Asia/Manila] Redis extension is not loaded
[08-Feb-2026 16:14:48 Asia/Manila] Redis extension is not loaded
[08-Feb-2026 16:14:52 Asia/Manila] Redis extension is not loaded
[08-Feb-2026 16:14:55 Asia/Manila] Redis extension is not loaded
[08-Feb-2026 16:14:59 Asia/Manila] Redis extension is not loaded
[08-Feb-2026 16:15:04 Asia/Manila] Redis extension is not loaded
[08-Feb-2026 16:20:46 Asia/Manila] Redis extension is not loaded
[08-Feb-2026 16:20:52 Asia/Manila] Redis extension is not loaded
[08-Feb-2026 16:20:54 Asia/Manila] Redis extension is not loaded
[08-Feb-2026 16:21:02 Asia/Manila] Redis extension is not loaded
[08-Feb-2026 16:21:19 Asia/Manila] Redis extension is not loaded
[08-Feb-2026 16:23:25 Asia/Manila] Redis extension is not loaded
[08-Feb-2026 16:23:31 Asia/Manila] Redis extension is not loaded
[08-Feb-2026 16:25:11 Asia/Manila] Redis extension is not loaded
[08-Feb-2026 16:25:52 Asia/Manila] Redis extension is not loaded
[08-Feb-2026 16:26:01 Asia/Manila] Redis extension is not loaded
[08-Feb-2026 16:36:30 Asia/Manila] Redis extension is not loaded
[08-Feb-2026 16:37:09 Asia/Manila] Redis extension is not loaded
[08-Feb-2026 16:37:13 Asia/Manila] Redis extension is not loaded
[08-Feb-2026 16:54:56 Asia/Manila] Redis extension is not loaded
[10-Feb-2026 14:00:12 Asia/Manila] Redis extension is not loaded
[10-Feb-2026 14:00:21 Asia/Manila] Redis extension is not loaded
[10-Feb-2026 15:21:00 Asia/Manila] Redis extension is not loaded
[10-Feb-2026 15:21:01 Asia/Manila] Rate limiting disabled - Redis not available
[10-Feb-2026 15:21:38 Asia/Manila] Redis extension is not loaded
[10-Feb-2026 15:21:38 Asia/Manila] Rate limiting disabled - Redis not available
[10-Feb-2026 15:21:45 Asia/Manila] Redis extension is not loaded
[10-Feb-2026 15:22:43 Asia/Manila] Redis extension is not loaded
[10-Feb-2026 15:23:07 Asia/Manila] Redis extension is not loaded
[10-Feb-2026 15:23:43 Asia/Manila] Redis extension is not loaded
[10-Feb-2026 15:24:52 Asia/Manila] Redis extension is not loaded
[10-Feb-2026 15:25:02 Asia/Manila] Redis extension is not loaded
[10-Feb-2026 15:35:58 Asia/Manila] Redis extension is not loaded
[10-Feb-2026 15:41:13 Asia/Manila] Redis extension is not loaded
[10-Feb-2026 15:42:07 Asia/Manila] Redis extension is not loaded
[10-Feb-2026 15:42:08 Asia/Manila] Redis extension is not loaded
[10-Feb-2026 15:42:08 Asia/Manila] Rate limiting disabled - Redis not available
[10-Feb-2026 15:51:08 Asia/Manila] Logout error: SQLSTATE[42S02]: Base table or view not found: 1146 Table 'akasi.login_logs' doesn't exist
[10-Feb-2026 15:51:19 Asia/Manila] Redis extension is not loaded
[10-Feb-2026 15:51:25 Asia/Manila] Redis extension is not loaded
[10-Feb-2026 15:55:40 Asia/Manila] Redis extension is not loaded
[11-Feb-2026 17:15:41 Asia/Manila] Redis extension is not loaded
[11-Feb-2026 17:16:36 Asia/Manila] Redis extension is not loaded
[11-Feb-2026 17:16:55 Asia/Manila] Redis extension is not loaded
[11-Feb-2026 17:16:57 Asia/Manila] Redis extension is not loaded
[11-Feb-2026 17:16:57 Asia/Manila] Rate limiting disabled - Redis not available
[11-Feb-2026 17:17:09 Asia/Manila] Redis extension is not loaded
[11-Feb-2026 17:17:09 Asia/Manila] Rate limiting disabled - Redis not available
[11-Feb-2026 17:19:23 Asia/Manila] Redis extension is not loaded
[11-Feb-2026 17:19:23 Asia/Manila] Rate limiting disabled - Redis not available
[12-Feb-2026 15:08:14 Asia/Manila] Redis extension is not loaded
[12-Feb-2026 15:14:58 Asia/Manila] Redis extension is not loaded
[12-Feb-2026 15:14:58 Asia/Manila] Rate limiting disabled - Redis not available
[12-Feb-2026 15:16:05 Asia/Manila] Redis extension is not loaded
[12-Feb-2026 15:18:18 Asia/Manila] Redis extension is not loaded
[12-Feb-2026 15:18:29 Asia/Manila] Redis extension is not loaded
[12-Feb-2026 15:18:50 Asia/Manila] Redis extension is not loaded
[12-Feb-2026 15:21:49 Asia/Manila] Redis extension is not loaded
[12-Feb-2026 15:22:30 Asia/Manila] Redis extension is not loaded
[13-Feb-2026 01:28:38 Asia/Manila] Redis extension is not loaded
[13-Feb-2026 01:29:00 Asia/Manila] Redis extension is not loaded
[13-Feb-2026 01:29:20 Asia/Manila] Redis extension is not loaded
[13-Feb-2026 01:29:20 Asia/Manila] Rate limiting disabled - Redis not available
[13-Feb-2026 01:43:00 Asia/Manila] Redis extension is not loaded
[13-Feb-2026 01:43:00 Asia/Manila] Rate limiting disabled - Redis not available
[13-Feb-2026 01:43:04 Asia/Manila] Redis extension is not loaded
[13-Feb-2026 01:43:04 Asia/Manila] Rate limiting disabled - Redis not available
[13-Feb-2026 01:43:10 Asia/Manila] Redis extension is not loaded
[13-Feb-2026 01:43:10 Asia/Manila] Rate limiting disabled - Redis not available
[13-Feb-2026 01:43:21 Asia/Manila] Redis extension is not loaded
[13-Feb-2026 01:43:22 Asia/Manila] Rate limiting disabled - Redis not available
[13-Feb-2026 01:46:07 Asia/Manila] Redis extension is not loaded
[13-Feb-2026 01:46:07 Asia/Manila] Rate limiting disabled - Redis not available
[13-Feb-2026 01:48:17 Asia/Manila] Redis extension is not loaded
[13-Feb-2026 01:48:17 Asia/Manila] Rate limiting disabled - Redis not available
[13-Feb-2026 01:48:51 Asia/Manila] Redis extension is not loaded
[13-Feb-2026 01:48:51 Asia/Manila] Rate limiting disabled - Redis not available
[13-Feb-2026 01:54:40 Asia/Manila] Redis extension is not loaded
[13-Feb-2026 01:54:40 Asia/Manila] Rate limiting disabled - Redis not available
[13-Feb-2026 01:54:42 Asia/Manila] Redis extension is not loaded
[13-Feb-2026 01:54:43 Asia/Manila] Rate limiting disabled - Redis not available
[13-Feb-2026 02:00:55 Asia/Manila] Redis extension is not loaded
[13-Feb-2026 02:00:55 Asia/Manila] Rate limiting disabled - Redis not available
[13-Feb-2026 02:01:08 Asia/Manila] Redis extension is not loaded
[13-Feb-2026 02:01:08 Asia/Manila] Rate limiting disabled - Redis not available
[13-Feb-2026 02:01:20 Asia/Manila] Redis extension is not loaded
[13-Feb-2026 02:01:20 Asia/Manila] Rate limiting disabled - Redis not available
[13-Feb-2026 02:03:52 Asia/Manila] Redis extension is not loaded
[13-Feb-2026 02:03:52 Asia/Manila] Rate limiting disabled - Redis not available
[13-Feb-2026 02:03:59 Asia/Manila] Redis extension is not loaded
[13-Feb-2026 02:03:59 Asia/Manila] Rate limiting disabled - Redis not available
[13-Feb-2026 02:04:09 Asia/Manila] Redis extension is not loaded
[13-Feb-2026 02:04:09 Asia/Manila] Rate limiting disabled - Redis not available
[13-Feb-2026 02:11:40 Asia/Manila] Redis extension is not loaded
[13-Feb-2026 02:11:40 Asia/Manila] Rate limiting disabled - Redis not available
[13-Feb-2026 02:11:45 Asia/Manila] Redis extension is not loaded
[13-Feb-2026 02:11:45 Asia/Manila] Rate limiting disabled - Redis not available
[13-Feb-2026 02:11:47 Asia/Manila] Redis extension is not loaded
[13-Feb-2026 02:11:47 Asia/Manila] Rate limiting disabled - Redis not available
[13-Feb-2026 02:11:52 Asia/Manila] Redis extension is not loaded
[13-Feb-2026 02:11:52 Asia/Manila] Rate limiting disabled - Redis not available
[13-Feb-2026 02:11:59 Asia/Manila] Redis extension is not loaded
[13-Feb-2026 02:11:59 Asia/Manila] Rate limiting disabled - Redis not available
[17-Feb-2026 16:28:37 Asia/Manila] Redis extension is not loaded
[17-Feb-2026 16:28:47 Asia/Manila] Redis extension is not loaded
[17-Feb-2026 17:11:12 Asia/Manila] Redis extension is not loaded
[17-Feb-2026 17:11:12 Asia/Manila] Rate limiting disabled - Redis not available
[17-Feb-2026 17:11:12 Asia/Manila] Redis extension is not loaded
[17-Feb-2026 17:11:12 Asia/Manila] Rate limiting disabled - Redis not available
[17-Feb-2026 17:11:40 Asia/Manila] Redis extension is not loaded
[17-Feb-2026 17:17:14 Asia/Manila] Redis extension is not loaded
[17-Feb-2026 17:17:15 Asia/Manila] Rate limiting disabled - Redis not available
[17-Feb-2026 18:22:02 Asia/Manila] Redis extension is not loaded
[17-Feb-2026 18:22:02 Asia/Manila] Rate limiting disabled - Redis not available
[17-Feb-2026 18:22:05 Asia/Manila] Logout error: SQLSTATE[42S02]: Base table or view not found: 1146 Table 'akasi.login_logs' doesn't exist
[17-Feb-2026 18:22:15 Asia/Manila] Redis extension is not loaded
[17-Feb-2026 18:56:01 Asia/Manila] Redis extension is not loaded
[17-Feb-2026 18:56:02 Asia/Manila] Redis extension is not loaded
[17-Feb-2026 19:08:37 Asia/Manila] Redis extension is not loaded
[17-Feb-2026 19:08:39 Asia/Manila] Redis extension is not loaded
[17-Feb-2026 19:16:05 Asia/Manila] Redis extension is not loaded
[17-Feb-2026 19:16:19 Asia/Manila] Redis extension is not loaded
[17-Feb-2026 19:17:07 Asia/Manila] Redis extension is not loaded
[19-Feb-2026 13:52:34 Asia/Manila] Redis extension is not loaded
[19-Feb-2026 14:59:51 Asia/Manila] Redis extension is not loaded
[19-Feb-2026 15:05:32 Asia/Manila] Redis extension is not loaded
[20-Feb-2026 06:06:44 Asia/Manila] Redis extension is not loaded
[20-Feb-2026 06:06:54 Asia/Manila] Redis extension is not loaded
[20-Feb-2026 06:06:59 Asia/Manila] Redis extension is not loaded
[20-Feb-2026 06:52:17 Asia/Manila] Redis extension is not loaded
[20-Feb-2026 06:52:17 Asia/Manila] Rate limiting disabled - Redis not available
[20-Feb-2026 06:52:36 Asia/Manila] Redis extension is not loaded
[20-Feb-2026 06:52:36 Asia/Manila] Rate limiting disabled - Redis not available
[20-Feb-2026 06:52:48 Asia/Manila] Logout error: SQLSTATE[42S02]: Base table or view not found: 1146 Table 'akasi.login_logs' doesn't exist
[20-Feb-2026 06:52:49 Asia/Manila] Redis extension is not loaded
[23-Feb-2026 15:39:49 Asia/Manila] Redis extension is not loaded
[23-Feb-2026 15:40:00 Asia/Manila] Redis extension is not loaded
[23-Feb-2026 16:00:14 Asia/Manila] Redis extension is not loaded
[23-Feb-2026 16:00:20 Asia/Manila] Redis extension is not loaded
[23-Feb-2026 16:00:27 Asia/Manila] Redis extension is not loaded
[24-Feb-2026 13:55:12 Asia/Manila] Redis extension is not loaded
[24-Feb-2026 14:00:14 Asia/Manila] Redis extension is not loaded
[24-Feb-2026 14:00:18 Asia/Manila] Redis extension is not loaded
[24-Feb-2026 14:02:22 Asia/Manila] Redis extension is not loaded
[24-Feb-2026 14:11:47 Asia/Manila] Redis extension is not loaded
[24-Feb-2026 14:12:11 Asia/Manila] Redis extension is not loaded
[24-Feb-2026 14:12:53 Asia/Manila] Redis extension is not loaded
[24-Feb-2026 14:12:53 Asia/Manila] Rate limiting disabled - Redis not available
[24-Feb-2026 14:19:36 Asia/Manila] Redis extension is not loaded
[24-Feb-2026 14:19:36 Asia/Manila] Rate limiting disabled - Redis not available
[24-Feb-2026 14:20:45 Asia/Manila] Redis extension is not loaded
[24-Feb-2026 14:20:45 Asia/Manila] Rate limiting disabled - Redis not available
[24-Feb-2026 14:25:30 Asia/Manila] Redis extension is not loaded
[24-Feb-2026 14:25:30 Asia/Manila] Rate limiting disabled - Redis not available
[24-Feb-2026 14:25:31 Asia/Manila] Redis extension is not loaded
[24-Feb-2026 14:25:31 Asia/Manila] Rate limiting disabled - Redis not available
[24-Feb-2026 14:25:45 Asia/Manila] Redis extension is not loaded
[24-Feb-2026 14:30:33 Asia/Manila] Redis extension is not loaded
[24-Feb-2026 14:34:32 Asia/Manila] Redis extension is not loaded
[24-Feb-2026 14:34:44 Asia/Manila] Logout error: SQLSTATE[42S02]: Base table or view not found: 1146 Table 'akasi.login_logs' doesn't exist
[24-Feb-2026 14:34:49 Asia/Manila] Redis extension is not loaded
[24-Feb-2026 14:34:49 Asia/Manila] Rate limiting disabled - Redis not available
[24-Feb-2026 14:34:56 Asia/Manila] Redis extension is not loaded
[24-Feb-2026 14:35:49 Asia/Manila] Redis extension is not loaded
[24-Feb-2026 14:35:55 Asia/Manila] Redis extension is not loaded
[24-Feb-2026 14:36:46 Asia/Manila] Redis extension is not loaded
[24-Feb-2026 14:37:28 Asia/Manila] Redis extension is not loaded
[24-Feb-2026 14:37:32 Asia/Manila] Redis extension is not loaded
[24-Feb-2026 14:37:33 Asia/Manila] Redis extension is not loaded
[24-Feb-2026 14:37:33 Asia/Manila] Redis extension is not loaded
[24-Feb-2026 14:37:33 Asia/Manila] Redis extension is not loaded
[24-Feb-2026 14:37:33 Asia/Manila] Redis extension is not loaded
[24-Feb-2026 14:37:33 Asia/Manila] Redis extension is not loaded
[24-Feb-2026 14:39:34 Asia/Manila] Redis extension is not loaded
[24-Feb-2026 14:39:35 Asia/Manila] Redis extension is not loaded
[24-Feb-2026 14:39:36 Asia/Manila] Redis extension is not loaded
[24-Feb-2026 14:39:36 Asia/Manila] Redis extension is not loaded
[24-Feb-2026 14:39:36 Asia/Manila] Redis extension is not loaded
[24-Feb-2026 14:39:37 Asia/Manila] Redis extension is not loaded
[24-Feb-2026 14:39:37 Asia/Manila] Redis extension is not loaded
[24-Feb-2026 14:39:37 Asia/Manila] Redis extension is not loaded
[24-Feb-2026 14:39:37 Asia/Manila] Redis extension is not loaded
[24-Feb-2026 14:39:38 Asia/Manila] Redis extension is not loaded
[24-Feb-2026 14:43:18 Asia/Manila] Redis extension is not loaded
[24-Feb-2026 14:43:18 Asia/Manila] Rate limiting disabled - Redis not available
[24-Feb-2026 14:43:41 Asia/Manila] Redis extension is not loaded
[24-Feb-2026 14:43:41 Asia/Manila] Rate limiting disabled - Redis not available
[24-Feb-2026 14:43:51 Asia/Manila] Redis extension is not loaded
[24-Feb-2026 14:43:57 Asia/Manila] Redis extension is not loaded
[24-Feb-2026 14:43:57 Asia/Manila] Rate limiting disabled - Redis not available
[24-Feb-2026 14:44:26 Asia/Manila] Redis extension is not loaded
[24-Feb-2026 14:44:26 Asia/Manila] Rate limiting disabled - Redis not available
[24-Feb-2026 14:47:49 Asia/Manila] Redis extension is not loaded
[24-Feb-2026 14:47:49 Asia/Manila] Rate limiting disabled - Redis not available
[24-Feb-2026 14:48:57 Asia/Manila] Redis extension is not loaded
[24-Feb-2026 14:49:56 Asia/Manila] Redis extension is not loaded
[24-Feb-2026 14:50:05 Asia/Manila] Redis extension is not loaded
[24-Feb-2026 14:50:41 Asia/Manila] Redis extension is not loaded
[24-Feb-2026 14:50:44 Asia/Manila] Redis extension is not loaded
[24-Feb-2026 15:00:02 Asia/Manila] Redis extension is not loaded
[24-Feb-2026 15:00:02 Asia/Manila] Rate limiting disabled - Redis not available
[24-Feb-2026 15:01:28 Asia/Manila] Redis extension is not loaded
[24-Feb-2026 15:04:54 Asia/Manila] Redis extension is not loaded
[24-Feb-2026 15:05:04 Asia/Manila] Logout error: SQLSTATE[42S02]: Base table or view not found: 1146 Table 'akasi.login_logs' doesn't exist
[24-Feb-2026 15:05:12 Asia/Manila] Redis extension is not loaded
[24-Feb-2026 15:40:46 Asia/Manila] Redis extension is not loaded
[24-Feb-2026 15:40:55 Asia/Manila] Redis extension is not loaded
[24-Feb-2026 15:40:55 Asia/Manila] Rate limiting disabled - Redis not available
[24-Feb-2026 15:41:35 Asia/Manila] Redis extension is not loaded
[24-Feb-2026 15:41:35 Asia/Manila] Rate limiting disabled - Redis not available
[24-Feb-2026 15:41:41 Asia/Manila] Logout error: SQLSTATE[42S02]: Base table or view not found: 1146 Table 'akasi.login_logs' doesn't exist
[24-Feb-2026 15:41:53 Asia/Manila] Redis extension is not loaded
[24-Feb-2026 15:42:03 Asia/Manila] Redis extension is not loaded
[24-Feb-2026 17:18:09 Asia/Manila] Redis extension is not loaded
[24-Feb-2026 17:22:34 Asia/Manila] Redis extension is not loaded
[24-Feb-2026 17:22:59 Asia/Manila] Redis extension is not loaded
[24-Feb-2026 17:23:07 Asia/Manila] Redis extension is not loaded
[24-Feb-2026 17:23:07 Asia/Manila] Rate limiting disabled - Redis not available
[24-Feb-2026 17:24:40 Asia/Manila] Redis extension is not loaded
[24-Feb-2026 17:24:40 Asia/Manila] Rate limiting disabled - Redis not available
[24-Feb-2026 17:24:46 Asia/Manila] Redis extension is not loaded
[24-Feb-2026 17:24:46 Asia/Manila] Rate limiting disabled - Redis not available
[02-Mar-2026 09:25:30 Asia/Manila] Redis extension is not loaded
[02-Mar-2026 09:30:12 Asia/Manila] Redis extension is not loaded
[02-Mar-2026 09:43:17 Asia/Manila] Redis extension is not loaded
[02-Mar-2026 09:45:46 Asia/Manila] Redis extension is not loaded
[02-Mar-2026 16:16:30 Asia/Manila] Redis extension is not loaded
[02-Mar-2026 16:16:33 Asia/Manila] Redis extension is not loaded
[02-Mar-2026 16:16:33 Asia/Manila] Rate limiting disabled - Redis not available
[02-Mar-2026 16:16:44 Asia/Manila] Redis extension is not loaded
[02-Mar-2026 16:16:44 Asia/Manila] Rate limiting disabled - Redis not available
[02-Mar-2026 16:16:55 Asia/Manila] Redis extension is not loaded
[02-Mar-2026 16:16:55 Asia/Manila] Rate limiting disabled - Redis not available
[02-Mar-2026 16:17:13 Asia/Manila] Redis extension is not loaded
[02-Mar-2026 16:17:13 Asia/Manila] Rate limiting disabled - Redis not available
[02-Mar-2026 16:18:25 Asia/Manila] Redis extension is not loaded
[02-Mar-2026 16:18:25 Asia/Manila] Rate limiting disabled - Redis not available
[02-Mar-2026 16:19:03 Asia/Manila] Redis extension is not loaded
[02-Mar-2026 16:19:03 Asia/Manila] Rate limiting disabled - Redis not available
[02-Mar-2026 16:19:15 Asia/Manila] Redis extension is not loaded
[02-Mar-2026 16:19:15 Asia/Manila] Rate limiting disabled - Redis not available
[02-Mar-2026 16:19:18 Asia/Manila] Redis extension is not loaded
[02-Mar-2026 16:19:18 Asia/Manila] Rate limiting disabled - Redis not available
[02-Mar-2026 16:19:20 Asia/Manila] Redis extension is not loaded
[02-Mar-2026 16:19:20 Asia/Manila] Rate limiting disabled - Redis not available
[02-Mar-2026 16:19:24 Asia/Manila] Redis extension is not loaded
[02-Mar-2026 16:19:24 Asia/Manila] Rate limiting disabled - Redis not available
[02-Mar-2026 16:19:30 Asia/Manila] Redis extension is not loaded
[02-Mar-2026 16:19:30 Asia/Manila] Rate limiting disabled - Redis not available
[02-Mar-2026 16:19:37 Asia/Manila] Redis extension is not loaded
[02-Mar-2026 16:19:37 Asia/Manila] Rate limiting disabled - Redis not available
[02-Mar-2026 16:19:40 Asia/Manila] Redis extension is not loaded
[02-Mar-2026 16:19:40 Asia/Manila] Rate limiting disabled - Redis not available
[02-Mar-2026 16:19:43 Asia/Manila] Redis extension is not loaded
[02-Mar-2026 16:19:43 Asia/Manila] Rate limiting disabled - Redis not available
[02-Mar-2026 16:19:47 Asia/Manila] Logout error: SQLSTATE[42S02]: Base table or view not found: 1146 Table 'akasi.login_logs' doesn't exist
[02-Mar-2026 16:19:51 Asia/Manila] Redis extension is not loaded
[02-Mar-2026 16:21:02 Asia/Manila] Redis extension is not loaded
[02-Mar-2026 16:21:14 Asia/Manila] Redis extension is not loaded
[02-Mar-2026 16:21:14 Asia/Manila] Rate limiting disabled - Redis not available
[02-Mar-2026 16:21:21 Asia/Manila] Logout error: SQLSTATE[42S02]: Base table or view not found: 1146 Table 'akasi.login_logs' doesn't exist
[02-Mar-2026 16:21:34 Asia/Manila] Redis extension is not loaded
[02-Mar-2026 16:23:59 Asia/Manila] Redis extension is not loaded
[02-Mar-2026 16:24:03 Asia/Manila] Redis extension is not loaded
[02-Mar-2026 16:24:22 Asia/Manila] Redis extension is not loaded
[02-Mar-2026 16:24:22 Asia/Manila] Redis extension is not loaded
[02-Mar-2026 16:24:26 Asia/Manila] Redis extension is not loaded
[02-Mar-2026 16:24:26 Asia/Manila] Redis extension is not loaded
[02-Mar-2026 16:24:27 Asia/Manila] Redis extension is not loaded
[02-Mar-2026 16:24:30 Asia/Manila] Redis extension is not loaded
[02-Mar-2026 16:24:30 Asia/Manila] Redis extension is not loaded
[02-Mar-2026 16:24:31 Asia/Manila] Redis extension is not loaded
[02-Mar-2026 16:24:39 Asia/Manila] Redis extension is not loaded
[02-Mar-2026 16:24:39 Asia/Manila] Redis extension is not loaded
[02-Mar-2026 16:24:43 Asia/Manila] Redis extension is not loaded
[02-Mar-2026 16:25:40 Asia/Manila] Redis extension is not loaded
[02-Mar-2026 16:25:40 Asia/Manila] Redis extension is not loaded
[02-Mar-2026 16:25:42 Asia/Manila] Redis extension is not loaded
[02-Mar-2026 16:25:43 Asia/Manila] Redis extension is not loaded
[02-Mar-2026 16:25:51 Asia/Manila] Redis extension is not loaded
[02-Mar-2026 16:26:21 Asia/Manila] Redis extension is not loaded
[02-Mar-2026 16:26:23 Asia/Manila] Redis extension is not loaded
[02-Mar-2026 16:32:17 Asia/Manila] Redis extension is not loaded
[02-Mar-2026 16:32:17 Asia/Manila] Redis extension is not loaded
[02-Mar-2026 16:32:34 Asia/Manila] Logout error: SQLSTATE[42S02]: Base table or view not found: 1146 Table 'akasi.login_logs' doesn't exist
[02-Mar-2026 16:32:40 Asia/Manila] Redis extension is not loaded
[02-Mar-2026 16:32:40 Asia/Manila] Rate limiting disabled - Redis not available
[02-Mar-2026 16:34:18 Asia/Manila] Redis extension is not loaded
[02-Mar-2026 16:34:18 Asia/Manila] Rate limiting disabled - Redis not available
[02-Mar-2026 16:34:37 Asia/Manila] Logout error: SQLSTATE[42S02]: Base table or view not found: 1146 Table 'akasi.login_logs' doesn't exist
[09-Mar-2026 12:46:42 Asia/Manila] Redis extension is not loaded
[09-Mar-2026 13:02:03 Asia/Manila] Redis extension is not loaded
[09-Mar-2026 13:02:21 Asia/Manila] Redis extension is not loaded
[09-Mar-2026 13:02:45 Asia/Manila] Redis extension is not loaded
[09-Mar-2026 13:02:51 Asia/Manila] Redis extension is not loaded
[09-Mar-2026 13:02:52 Asia/Manila] Redis extension is not loaded
[09-Mar-2026 13:02:55 Asia/Manila] Redis extension is not loaded
[09-Mar-2026 13:02:57 Asia/Manila] Redis extension is not loaded
[09-Mar-2026 13:02:57 Asia/Manila] Redis extension is not loaded
[09-Mar-2026 13:03:01 Asia/Manila] Redis extension is not loaded
[09-Mar-2026 13:03:08 Asia/Manila] Redis extension is not loaded
[09-Mar-2026 13:03:08 Asia/Manila] Redis extension is not loaded
[09-Mar-2026 13:03:17 Asia/Manila] Redis extension is not loaded
[09-Mar-2026 13:03:19 Asia/Manila] Redis extension is not loaded
[09-Mar-2026 13:05:04 Asia/Manila] Redis extension is not loaded
[09-Mar-2026 13:05:11 Asia/Manila] Redis extension is not loaded
[09-Mar-2026 13:21:50 Asia/Manila] Redis extension is not loaded
[09-Mar-2026 13:23:59 Asia/Manila] Redis extension is not loaded
[09-Mar-2026 13:24:05 Asia/Manila] Redis extension is not loaded
[09-Mar-2026 13:24:39 Asia/Manila] Redis extension is not loaded
[09-Mar-2026 13:27:22 Asia/Manila] Redis extension is not loaded
[09-Mar-2026 13:27:23 Asia/Manila] Signup error: SQLSTATE[23000]: Integrity constraint violation: 1062 Duplicate entry '123456' for key 'LicenseNumber'
[09-Mar-2026 13:27:23 Asia/Manila] Redis extension is not loaded
[09-Mar-2026 13:27:35 Asia/Manila] Redis extension is not loaded
[09-Mar-2026 13:27:37 Asia/Manila] Redis extension is not loaded
[09-Mar-2026 13:27:38 Asia/Manila] Signup error: SQLSTATE[23000]: Integrity constraint violation: 1062 Duplicate entry '123456' for key 'LicenseNumber'
[09-Mar-2026 13:27:38 Asia/Manila] Redis extension is not loaded
[10-Mar-2026 15:14:31 Asia/Manila] Redis extension is not loaded
[11-Mar-2026 18:14:18 Asia/Manila] Redis extension is not loaded
[12-Mar-2026 12:58:07 Asia/Manila] Redis extension is not loaded
[12-Mar-2026 12:59:18 Asia/Manila] Redis extension is not loaded
[12-Mar-2026 12:59:18 Asia/Manila] Rate limiting disabled - Redis not available
[12-Mar-2026 12:59:30 Asia/Manila] Redis extension is not loaded
[12-Mar-2026 12:59:30 Asia/Manila] Rate limiting disabled - Redis not available
[12-Mar-2026 12:59:33 Asia/Manila] Redis extension is not loaded
[12-Mar-2026 12:59:33 Asia/Manila] Rate limiting disabled - Redis not available
[12-Mar-2026 12:59:39 Asia/Manila] Redis extension is not loaded
[12-Mar-2026 12:59:39 Asia/Manila] Rate limiting disabled - Redis not available
[12-Mar-2026 13:00:02 Asia/Manila] Redis extension is not loaded
[12-Mar-2026 13:00:03 Asia/Manila] Rate limiting disabled - Redis not available
[12-Mar-2026 13:02:15 Asia/Manila] Logout error: SQLSTATE[42S02]: Base table or view not found: 1146 Table 'akasi.login_logs' doesn't exist
[12-Mar-2026 13:02:52 Asia/Manila] Redis extension is not loaded
[12-Mar-2026 13:03:20 Asia/Manila] Redis extension is not loaded
[12-Mar-2026 13:05:00 Asia/Manila] Redis extension is not loaded
[12-Mar-2026 13:05:26 Asia/Manila] Redis extension is not loaded
[12-Mar-2026 13:05:41 Asia/Manila] Redis extension is not loaded
